episode,step,reward,moving_avg_reward,epsilon,loss,mean_q,mean_td_error
1,66,-189.96201019186577,-189.96201019186577,0.9994775,0.0,0.0,0.0
2,165,-82.31215810833469,-136.13708415010024,0.99869375,0.0,0.0,0.0
3,264,-393.20037447914757,-221.824847593116,0.99791,0.0,0.0,0.0
4,340,-156.1566620324188,-205.4078012029417,0.9973083333333334,0.0,0.0,0.0
5,449,-0.34023197427242735,-164.39428735720784,0.9964454166666666,0.0,0.0,0.0
6,528,-123.29742980909899,-157.5448110991897,0.99582,0.0,0.0,0.0
7,625,-110.09280141937136,-150.76595257350138,0.9950520833333333,0.0,0.0,0.0
8,745,-113.44900525490964,-146.1013341586774,0.9941020833333334,0.0,0.0,0.0
9,811,-86.40619083573218,-139.46854045612793,0.9935795833333333,0.0,0.0,0.0
10,963,-156.23710313908495,-141.14539672442362,0.99237625,0.0,0.0,0.0
11,1043,-93.63594755822002,-136.82635589113238,0.9917429166666667,0.0,0.0,0.0
12,1118,-271.02946191627257,-148.00994805989407,0.9911491666666666,0.0,0.0,0.0
13,1191,-93.89417868022326,-143.84719656915016,0.99057125,0.0,0.0,0.0
14,1277,-317.9509890556204,-156.2831817467552,0.9898904166666667,0.0,0.0,0.0
15,1359,-146.47240702601957,-155.62913009870616,0.98924125,0.0,0.0,0.0
16,1432,-79.44322341996397,-150.86751093128476,0.9886633333333333,0.0,0.0,0.0
17,1526,-450.32301168913284,-168.48254038762875,0.9879191666666667,0.0,0.0,0.0
18,1623,-112.75250299691508,-165.38642719925576,0.98715125,0.0,0.0,0.0
19,1704,-208.87132157200998,-167.67510585045338,0.98651,0.0,0.0,0.0
20,1791,-217.57386233828646,-170.170043674845,0.98582125,0.0,0.0,0.0
21,1860,-98.09962519268694,-166.73811898521842,0.985275,0.0,0.0,0.0
22,1985,-176.08523270473245,-167.16298779065087,0.9842854166666667,0.0,0.0,0.0
23,2085,-172.5142854228839,-167.3956529050958,0.98349375,0.0,0.0,0.0
24,2179,-271.42688720918716,-171.7302876677663,0.9827495833333333,0.0,0.0,0.0
25,2271,-115.24653048444986,-169.47093738043364,0.98202125,0.0,0.0,0.0
26,2389,-203.0293401889498,-170.76164518076118,0.9810870833333334,0.0,0.0,0.0
27,2466,-444.3963382936095,-180.8962634442,0.9804775,0.0,0.0,0.0
28,2553,-244.01828469140997,-183.1506213458861,0.97978875,0.0,0.0,0.0
29,2626,-77.6530506539286,-179.51277408064618,0.9792108333333334,0.0,0.0,0.0
30,2720,-100.43143705706693,-176.87672951319354,0.9784666666666667,0.0,0.0,0.0
31,2818,-298.8102020876493,-180.810067338176,0.9776908333333333,0.0,0.0,0.0
32,2918,-451.46082184520986,-189.26790341652077,0.9768991666666667,0.0,0.0,0.0
33,2986,-76.17152528526026,-185.8407404428462,0.9763608333333333,0.0,0.0,0.0
34,3082,-324.27678172214115,-189.91238871576664,0.9756008333333334,0.0,0.0,0.0
35,3146,-97.91761161027715,-187.28396651275264,0.9750941666666667,0.0,0.0,0.0
36,3213,-263.07500361719656,-189.38927309898722,0.97456375,0.0,0.0,0.0
37,3311,-117.03381532193295,-187.43372018609384,0.9737879166666666,0.0,0.0,0.0
38,3411,7.417219506905056,-182.30606387838336,0.97299625,0.0,0.0,0.0
39,3479,-74.30786569348834,-179.5368793095399,0.9724579166666667,0.0,0.0,0.0
40,3571,-193.09857156415097,-179.87592161590516,0.9717295833333334,0.0,0.0,0.0
41,3692,-86.18224405604758,-177.59070996810377,0.9707716666666667,0.0,0.0,0.0
42,3758,-189.39895968627098,-177.87185877091727,0.9702491666666667,0.0,0.0,0.0
43,3865,-143.42131105095189,-177.07068324254598,0.9694020833333333,0.0,0.0,0.0
44,3932,-170.84300117547332,-176.92914501374887,0.9688716666666667,0.0,0.0,0.0
45,4028,-423.3663742978909,-182.4055278867298,0.9681116666666667,0.0,0.0,0.0
46,4103,-88.85809713638824,-180.37188808780934,0.9675179166666666,0.0,0.0,0.0
47,4165,-94.9162665191179,-178.55368337358186,0.9670270833333333,0.0,0.0,0.0
48,4275,-98.42314871893004,-176.88429723494326,0.96615625,0.0,0.0,0.0
49,4362,-297.76866805316314,-179.35132521082528,0.9654675,0.0,0.0,0.0
50,4453,-287.6443586591465,-181.51718587979173,0.9647470833333334,0.0,0.0,0.0
51,4522,-197.08912928919267,-181.82251810350544,0.9642008333333333,0.0,0.0,0.0
52,4593,-130.74572151790778,-180.84027201532086,0.96363875,0.0,0.0,0.0
53,4660,-151.4872086912544,-180.28644063184794,0.9631083333333333,0.0,0.0,0.0
54,4738,-201.73597265061204,-180.683654187751,0.9624908333333333,0.0,0.0,0.0
55,4830,-146.55985088871378,-180.06322140049576,0.9617625,0.0,0.0,0.0
56,4919,-124.66757500116645,-179.07401342907914,0.9610579166666666,0.0,0.0,0.0
57,5023,-323.1661087751961,-181.60194492637945,0.9602345833333333,4.173287391662598,-0.535419225692749,5.416533470153809
58,5138,-128.37510217555723,-180.68424074102046,0.9593241666666666,2.9435601234436035,-1.7505967617034912,14.320577621459961
59,5203,-75.2025525117613,-178.8964155167957,0.9588095833333333,2.9563705921173096,-2.1505143642425537,14.689239501953125
60,5330,-139.64977060730774,-178.24230476830425,0.9578041666666667,2.447751045227051,-3.886540412902832,14.396015167236328
61,5422,-186.12160631685015,-178.37147364614927,0.9570758333333333,3.108757495880127,-6.605736255645752,21.26862335205078
62,5555,-150.49125923832275,-177.9217927686037,0.9560229166666667,3.288853168487549,-7.392565727233887,17.516464233398438
63,5636,-55.80413406243785,-175.9834172335852,0.9553816666666667,2.6694142818450928,-7.889112949371338,17.4053955078125
64,5731,-199.61726032063808,-176.3526960318204,0.9546295833333334,4.678901672363281,-11.91112995147705,24.273727416992188
65,5814,-81.42111257798396,-174.8922101325306,0.9539725,2.537597179412842,-8.310178756713867,15.8704833984375
66,5878,-122.23359418951695,-174.0943523152122,0.9534658333333333,1.8943802118301392,-4.183537483215332,11.341670036315918
67,5983,-206.59122527135818,-174.57938026978155,0.9526345833333334,2.690354347229004,-8.76563549041748,16.605716705322266
68,6051,-90.96081977954069,-173.34969555668977,0.95209625,3.0471367835998535,-13.798187255859375,23.237037658691406
69,6142,-107.65059007009852,-172.39753460760872,0.9513758333333333,2.307900905609131,-9.195545196533203,13.958549499511719
70,6213,-95.15850940515632,-171.29411996185942,0.95081375,2.2698676586151123,-10.583808898925781,11.146787643432617
71,6320,-297.67101944924775,-173.0740762926677,0.9499666666666666,2.430413246154785,-9.01157283782959,21.15345001220703
72,6408,-264.2881626576632,-174.34093860329264,0.9492700000000001,2.906014919281006,-9.953882217407227,16.27692985534668
73,6501,-111.09024256782006,-173.47449071239575,0.94853375,2.3342926502227783,-9.551852226257324,12.52232551574707
74,6652,-158.7420941247555,-173.27540427202223,0.9473383333333334,1.7138468027114868,-11.470596313476562,14.004400253295898
75,6729,-118.3144947110266,-172.54259214454228,0.94672875,2.1581945419311523,-6.987922668457031,11.50735855102539
76,6815,-69.13103826135495,-171.18191380397403,0.9460479166666667,4.731471061706543,-9.113301277160645,21.667797088623047
77,6945,-284.8799538836172,-172.65851172708628,0.94501875,1.5822564363479614,-12.20930290222168,13.319164276123047
78,7025,-133.61316886605368,-172.1579304083551,0.9443854166666666,1.4618279933929443,-7.526910781860352,10.557075500488281
79,7097,-181.95732661863772,-172.28197339835867,0.9438154166666667,1.3073620796203613,-10.985452651977539,12.616345405578613
80,7183,-254.81379567662376,-173.313621176837,0.9431345833333333,2.59519362449646,-10.907135963439941,14.79177474975586
81,7279,-97.80456161972663,-172.38141056502081,0.9423745833333333,2.22115159034729,-13.623056411743164,13.456361770629883
82,7376,-227.78313695364358,-173.05704137463817,0.9416066666666667,1.241504430770874,-10.998862266540527,10.12820816040039
83,7445,-85.38628219541748,-172.0007671676596,0.9410604166666666,1.735154390335083,-10.191165924072266,9.292622566223145
84,7541,-242.8931759303853,-172.8447244148349,0.9403004166666666,1.7827482223510742,-12.619034767150879,11.625690460205078
85,7661,-210.24172872596816,-173.2846891714365,0.9393504166666666,3.0049896240234375,-7.080602169036865,20.093339920043945
86,7749,-83.10367667593218,-172.23607274707015,0.9386537500000001,1.8370046615600586,-6.991814613342285,14.679685592651367
87,7814,-141.19890372820575,-171.8793236778878,0.9381391666666666,1.147355079650879,-12.09067153930664,16.980195999145508
88,7893,-272.6910562136179,-173.024911547612,0.93751375,2.143947124481201,-10.548139572143555,14.117626190185547
89,7994,-191.5371131819241,-173.23291381316608,0.9367141666666666,1.9468941688537598,-12.047123908996582,15.35806655883789
90,8098,-208.5419676839474,-173.62523663395254,0.9358908333333333,2.3279027938842773,-6.888154983520508,14.344687461853027
91,8158,-142.19835546664888,-173.27988629145472,0.9354158333333333,1.3751438856124878,-6.0798444747924805,12.687335014343262
92,8305,-144.35630583460937,-172.96549954735858,0.9342520833333333,2.9604873657226562,-12.635656356811523,15.369789123535156
93,8373,-75.37303272577529,-171.91611818368563,0.93371375,1.7655518054962158,-11.615313529968262,13.474563598632812
94,8479,-105.0535304338641,-171.20481405868753,0.9328745833333333,2.2909364700317383,-8.036561965942383,18.24175453186035
95,8576,-113.08140726026673,-170.5929887239673,0.9321066666666666,1.172947883605957,-2.492997169494629,10.95730209350586
96,8671,-114.44115234369107,-170.00807376167276,0.9313545833333333,1.8632607460021973,-13.615306854248047,14.055196762084961
97,8754,-149.4451122008751,-169.79608446723154,0.9306975,1.3791886568069458,-8.986603736877441,10.994622230529785
98,8849,-403.02851006026964,-172.1760071773646,0.9299454166666666,3.1578047275543213,-17.15485191345215,17.895309448242188
99,8929,-66.58062551344653,-171.10938716055733,0.9293120833333334,1.8145949840545654,-11.416177749633789,14.103849411010742
100,9030,-291.2536450299832,-172.3108297392516,0.9285125,2.5430984497070312,-15.21156120300293,15.506422996520996
101,9143,-137.25860951070015,-171.78379573243993,0.9276179166666667,1.5468851327896118,-6.496659278869629,10.001470565795898
102,9224,-73.51367491984885,-171.69581090055507,0.9269766666666667,2.593625783920288,-12.046897888183594,13.684186935424805
103,9348,-344.8640522659291,-171.2124476784229,0.925995,2.2394163608551025,-9.61170482635498,14.200010299682617
104,9439,-140.39259223374955,-171.0548069804362,0.9252745833333333,2.16508150100708,-11.97829532623291,11.680384635925293
105,9501,-90.1613942595271,-171.9530186032888,0.92478375,1.6649250984191895,-9.931615829467773,13.591022491455078
106,9622,-114.03259592356132,-171.8603702644334,0.9238258333333333,0.5397372245788574,-5.553960800170898,9.129316329956055
107,9727,-173.24645127311976,-172.49190676297087,0.9229945833333333,2.4914145469665527,-9.453417778015137,12.413694381713867
108,9838,-307.5187768529105,-174.43260447895085,0.9221158333333334,1.4552407264709473,-19.362804412841797,16.12720489501953
109,9940,-93.1854316279543,-174.50039688687306,0.9213083333333334,1.5762510299682617,-12.3534574508667,16.465351104736328
110,10024,-392.1347166332572,-176.8593730218148,0.9206433333333334,2.3455824851989746,-10.667625427246094,13.118444442749023
111,10095,-62.31135196063637,-176.546127065839,0.92008125,2.787548303604126,-12.98961067199707,13.449573516845703
112,10167,-33.73070577812631,-174.1731395044575,0.91951125,1.1977521181106567,-5.792486190795898,13.240419387817383
113,10268,-163.12788307251844,-174.86547654838043,0.9187116666666667,1.9931732416152954,-7.896130561828613,10.391422271728516
114,10372,-50.1821610158885,-172.18778826798314,0.9178883333333333,1.745303988456726,-7.437074184417725,16.187685012817383
115,10459,-73.76156798335285,-171.46067987755646,0.9171995833333333,2.888542890548706,-8.193016052246094,12.891998291015625
116,10560,-121.18912165041186,-171.87813885986097,0.9164,0.8872814178466797,-11.124495506286621,10.026506423950195
117,10642,-178.0978674454145,-169.15588741742377,0.9157508333333333,1.3551582098007202,-9.553282737731934,10.990650177001953
118,10720,-88.70666442528179,-168.91542903170742,0.9151333333333334,1.1769801378250122,-7.037764549255371,10.037067413330078
119,10870,-239.26861894104448,-169.2194020053978,0.9139458333333333,3.8260750770568848,-9.35597038269043,20.06597900390625
120,10963,-84.75726085479982,-167.89123599056293,0.9132095833333334,1.1779448986053467,-7.521627902984619,8.636300086975098
121,11026,-177.18760912390238,-168.68211582987507,0.9127108333333334,1.5043203830718994,-11.418891906738281,8.56823444366455
122,11091,-106.74037469455969,-167.98866724977336,0.91219625,1.552254319190979,-11.819330215454102,7.399492263793945
123,11186,-122.25492835643982,-167.48607367910893,0.9114441666666666,2.108574628829956,-11.050084114074707,12.029470443725586
124,11256,-85.71389569730653,-165.6289437639901,0.91089,0.9654021263122559,-17.459976196289062,12.451972961425781
125,11367,-200.0666368023313,-166.47714482716893,0.91001125,1.1625622510910034,-6.318637371063232,9.241165161132812
126,11501,-97.19298621847524,-165.41878128746418,0.9089504166666666,1.3558188676834106,-15.741363525390625,6.886794090270996
127,11588,-111.9651701534022,-162.09446960606212,0.9082616666666666,1.4526116847991943,-11.793596267700195,11.410978317260742
128,11688,-92.75871683708289,-160.5818739275188,0.90747,1.4550294876098633,-13.113544464111328,16.13646697998047
129,11814,-62.67357919385067,-160.43207921291804,0.9064725,1.820516586303711,-15.457956314086914,16.313671112060547
130,11909,-82.19302976402022,-160.24969513998758,0.9057204166666667,2.0027050971984863,-6.80103874206543,15.42510986328125
131,12018,-245.34520383452906,-159.7150451574564,0.9048575,1.3368773460388184,-7.071802616119385,12.924531936645508
132,12086,-88.27861318520061,-156.0832230708563,0.9043191666666667,0.9286408424377441,-6.836246490478516,9.170966148376465
133,12182,-251.94334084307266,-157.84094122643444,0.9035591666666667,1.7508630752563477,-11.517477989196777,13.066886901855469
134,12257,-62.299612884850816,-155.2211695380615,0.9029654166666666,1.91062331199646,-9.727338790893555,13.63236141204834
135,12370,-78.66996878893394,-155.0286931098481,0.9020708333333334,2.332871913909912,-5.563767433166504,16.7613525390625
136,12451,-76.84677360778613,-153.16641080975396,0.9014295833333333,1.4173284769058228,-13.826704978942871,10.67471694946289
137,12535,-89.54095111239629,-152.89148216765858,0.9007645833333333,1.5426685810089111,-8.09333610534668,12.454267501831055
138,12632,-134.31700914005864,-154.30882445412823,0.8999966666666667,1.8844014406204224,-5.207071304321289,11.745339393615723
139,12722,-79.10772718806604,-154.356823069074,0.8992841666666667,1.9207615852355957,-13.262160301208496,12.629776000976562
140,12802,-191.49414514814896,-154.34077880491398,0.8986508333333333,1.6261460781097412,-16.657756805419922,11.472631454467773
141,12882,-135.7923795316767,-154.83688015967027,0.8980175,1.4628968238830566,-15.503536224365234,13.143714904785156
142,12989,-319.96738237700447,-156.14256438657762,0.8971704166666666,1.4869384765625,-5.235931873321533,12.329381942749023
143,13065,-49.673599518902705,-155.2050872712571,0.89656875,1.0705349445343018,-3.229924201965332,7.283552169799805
144,13164,-93.2571829416838,-154.42922908891924,0.895785,1.0542922019958496,-7.23902702331543,7.574345111846924
145,13249,-100.17078415426045,-151.19727318748292,0.8951120833333334,1.2782485485076904,-7.293732643127441,12.208885192871094
146,13330,-165.8392032620288,-151.96708424873933,0.8944708333333333,2.421389579772949,-10.587251663208008,16.255966186523438
147,13423,-178.52621153883695,-152.80318369893652,0.8937345833333333,1.1780673265457153,-3.043123483657837,10.857473373413086
148,13530,-234.39428915391298,-154.16289510328636,0.8928875000000001,1.7655529975891113,-6.971155166625977,8.962603569030762
149,13636,-117.94441621032462,-152.36465258485796,0.8920483333333333,1.9176472425460815,-14.591846466064453,11.663185119628906
150,13703,-64.43312318746146,-150.13254023014116,0.8915179166666667,1.5012304782867432,-16.991683959960938,9.763912200927734
151,13778,-102.3931797676435,-149.18558073492562,0.8909241666666666,2.513094425201416,-12.357809066772461,14.071792602539062
152,13891,-83.72276099821893,-148.71535112972873,0.8900295833333334,1.719611406326294,-17.597198486328125,10.405546188354492
153,14011,-147.36917637009253,-148.6741708065171,0.8890795833333334,2.3485777378082275,-16.261852264404297,10.101978302001953
154,14145,-131.6647697913597,-147.97345877792458,0.88801875,0.8990240097045898,-5.673735618591309,7.808726787567139
155,14242,-66.03958373876917,-147.16825610642513,0.8872508333333333,1.5255650281906128,-7.49027681350708,10.78489875793457
156,14312,-106.83668583067114,-146.9899472147202,0.8866966666666667,1.2310259342193604,-13.728047370910645,14.23377513885498
157,14400,-412.57320874576504,-147.88401821442588,0.886,1.5943132638931274,-12.260014533996582,10.322839736938477
158,14501,-98.44014802867036,-147.584668672957,0.8852004166666667,2.3045530319213867,-17.16753387451172,11.997978210449219
159,14591,-101.39146184272641,-147.84655776626667,0.8844879166666667,1.7073118686676025,-11.265401840209961,11.282228469848633
160,14681,-128.59965786867272,-147.7360566388803,0.8837754166666667,1.1501033306121826,-6.968530654907227,9.089071273803711
161,14737,-121.76806317838161,-147.09252120749565,0.8833320833333334,0.6977972984313965,-4.350246429443359,5.343553066253662
162,14805,-96.17866967004262,-146.54939531181284,0.88279375,1.618727445602417,-15.458499908447266,9.656583786010742
163,14918,-102.73068947063634,-147.01866086589484,0.8818991666666667,1.005298376083374,-16.300687789916992,11.529203414916992
164,14992,-65.29842224069259,-145.67547248509536,0.8813133333333334,1.4085861444473267,-9.529197692871094,10.680502891540527
165,15111,-148.19961820737413,-146.34325754138925,0.88037125,0.9844918251037598,-3.9021248817443848,8.158356666564941
166,15306,-23.774726357910268,-145.35866886307318,0.8788275,2.0902791023254395,-14.254544258117676,10.787317276000977
167,15381,-136.8904596794442,-144.66166120715405,0.87823375,2.1367297172546387,-19.27418327331543,12.047738075256348
168,15462,-92.9463077641716,-144.68151608700038,0.8775925,1.1899120807647705,-4.4663190841674805,8.4530029296875
169,15577,-171.8640745088071,-145.32365093138745,0.8766820833333333,2.1221094131469727,-8.484837532043457,9.967623710632324
170,15687,-72.7277895114859,-145.09934373245073,0.87581125,1.245018720626831,-14.732837677001953,11.627547264099121
171,15786,-85.08079080179104,-142.97344144597616,0.8750275,1.769364833831787,-14.683858871459961,13.272016525268555
172,15971,-156.6224783857233,-141.89678460325678,0.8735629166666667,0.8983558416366577,-11.906325340270996,7.560271263122559
173,16125,-75.15002796711185,-141.5373824572497,0.87234375,1.1265578269958496,-9.463020324707031,8.993597984313965
174,16207,-195.50041644388983,-141.90496568044105,0.8716945833333334,1.1745612621307373,-3.881770610809326,11.745389938354492
175,16335,-48.144611014166486,-141.20326684347242,0.8706812500000001,1.6459589004516602,-29.414838790893555,11.838998794555664
176,16407,-189.27374356866426,-142.40469389654555,0.87011125,1.0961873531341553,-3.317162036895752,7.0478105545043945
177,16475,-79.05599052060795,-140.34645426291544,0.8695729166666667,1.2143949270248413,-7.898281097412109,11.134302139282227
178,16548,-76.47423656346143,-139.77506493988952,0.868995,1.3774054050445557,-9.175909042358398,8.774055480957031
179,16614,-94.46887428952883,-138.90018041659843,0.8684725,1.424501895904541,-12.565128326416016,9.604889869689941
180,16700,-152.91958883170642,-137.88123834814922,0.8677916666666667,0.6099942922592163,-5.596342086791992,3.9927725791931152
181,16774,-43.25190734581305,-137.3357118054101,0.8672058333333333,0.6977084279060364,-11.446490287780762,7.427981853485107
182,16897,-101.65257950927057,-136.0744062309664,0.8662320833333333,2.3055808544158936,-9.096271514892578,10.54977035522461
183,17040,-220.60844517439259,-137.42662786075616,0.8651,1.567454218864441,-17.493396759033203,7.376187801361084
184,17129,-65.15178343998721,-135.64921393585215,0.8643954166666667,1.407130479812622,-9.298383712768555,7.434017181396484
185,17212,-177.58275303273757,-135.32262417891985,0.8637383333333333,0.8613659739494324,-10.795134544372559,8.702312469482422
186,17348,-41.277988487904665,-134.90436729703958,0.8626616666666667,1.225426435470581,-9.101018905639648,7.956401824951172
187,17432,-128.06340314159806,-134.7730122911735,0.8619966666666667,1.3860995769500732,-8.142702102661133,5.829166412353516
188,17508,-95.96113488805504,-133.00571307791787,0.861395,1.105196475982666,-10.227279663085938,10.495882987976074
189,17611,-59.00062970046797,-131.68034824310334,0.8605795833333334,1.5226860046386719,-5.455936908721924,9.714506149291992
190,17727,-129.08276813269524,-130.8857562475908,0.85966125,1.6940606832504272,-10.455811500549316,13.046404838562012
191,17840,-114.32695254962053,-130.6070422184205,0.8587666666666667,1.4378806352615356,-13.622146606445312,12.604110717773438
192,17915,-55.98313844918347,-129.72331054456623,0.8581729166666667,2.4661266803741455,-14.22790813446045,11.897795677185059
193,18034,-103.4275263806268,-130.00385548111475,0.8572308333333334,1.406462550163269,-11.822649002075195,8.883091926574707
194,18121,-135.54194645788533,-130.30873964135495,0.8565420833333334,1.053666114807129,-15.215971946716309,9.550080299377441
195,18219,-82.97521656860788,-130.00767773443837,0.8557662500000001,0.8708776235580444,-13.22498607635498,7.608546257019043
196,18339,-363.0356313468517,-132.49362252446997,0.85481625,1.0272092819213867,-11.240691184997559,8.112199783325195
197,18444,-106.94972463772851,-132.0686686488385,0.853985,1.0811445713043213,-6.747130393981934,6.675991535186768
198,18561,-86.8372955515423,-128.90675650375127,0.85305875,0.4585375189781189,-9.857366561889648,3.422636032104492
199,18663,-247.31625981944978,-130.71411284681128,0.85225125,1.6800826787948608,-8.27813720703125,9.414717674255371
200,18755,-82.10257759449364,-128.6226021724564,0.8515229166666667,0.8494503498077393,-11.657657623291016,5.258369445800781
201,18825,-87.82501167736716,-128.12826619412309,0.85096875,1.178291916847229,-11.449333190917969,6.831470489501953
202,18898,-83.95280697490784,-128.2326575146737,0.8503908333333333,1.646970272064209,-9.0405912399292,7.9021897315979
203,19000,-132.04962417610918,-126.10451323377546,0.8495833333333334,1.8061375617980957,-2.203537940979004,9.108776092529297
204,19117,-42.31260241612064,-125.12371333559916,0.8486570833333333,0.5956454277038574,-2.8758015632629395,6.556185245513916
205,19193,-102.1284677748188,-125.24338407075207,0.8480554166666667,1.4737955331802368,-5.867405891418457,7.080043315887451
206,19283,-144.59962856268274,-125.5490543971433,0.8473429166666666,1.510334849357605,-14.954615592956543,6.997645854949951
207,19425,-77.28991601369337,-124.58948904454903,0.84621875,1.5712897777557373,-10.54334831237793,10.102420806884766
208,19539,-116.33236488437329,-122.67762492486365,0.84531625,2.2952089309692383,-6.0572381019592285,17.849590301513672
209,19671,-137.09924754399833,-123.1167630840241,0.84427125,1.3395054340362549,-0.882936954498291,8.863497734069824
210,19760,-91.74982930512462,-120.11291421074276,0.8435666666666667,1.0642564296722412,-13.233980178833008,11.334101676940918
211,19868,-106.98778190260582,-120.55967851016244,0.8427116666666666,1.4581708908081055,-6.0775909423828125,11.003711700439453
212,19958,-49.36667291021972,-120.7160381814834,0.8419991666666666,0.6635014414787292,-3.381296157836914,4.606227397918701
213,20064,-116.42788576724358,-120.24903820843066,0.84116,1.132822036743164,-7.201992988586426,7.968397617340088
214,20134,-98.66153359710442,-120.7338319342428,0.8406058333333333,2.1212570667266846,-6.950321197509766,9.554819107055664
215,20224,-144.79575072405873,-121.44417376164988,0.8398933333333334,0.44884026050567627,-5.026158332824707,6.109055519104004
216,20365,-67.66011281469517,-120.90888367329269,0.8387770833333333,1.2111449241638184,-5.701441764831543,8.439997673034668
217,20454,-30.772307503165052,-119.4356280738702,0.8380725,1.9802981615066528,-11.73196792602539,8.999500274658203
218,20563,-63.85243390076397,-119.18708576862504,0.8372095833333333,1.0228263139724731,-13.570722579956055,8.90233325958252
219,20646,-126.31239855708736,-118.05752356478544,0.8365525,0.5245125889778137,-6.353977203369141,4.047869682312012
220,20770,-103.5268916677809,-118.24521987291526,0.8355708333333334,0.7846852540969849,-10.184256553649902,9.345931053161621
221,20886,-129.14032817488877,-117.76474706342513,0.8346525,1.282029628753662,-4.294635772705078,9.204024314880371
222,21004,-99.4873692240373,-117.69221700871991,0.8337183333333333,1.7329840660095215,-10.297852516174316,8.22327995300293
223,21073,-98.19569772352693,-117.45162470239079,0.8331720833333334,0.5983779430389404,0.6289856433868408,4.800100803375244
224,21137,-105.5578737691399,-117.6500644831091,0.8326654166666667,0.9036795496940613,-7.298755645751953,4.977704048156738
225,21238,-192.80357569345415,-117.57743387202034,0.8318658333333333,1.038474202156067,-6.698581218719482,7.400363922119141
226,21327,-68.36932763923639,-117.28919728622797,0.8311612500000001,1.6997532844543457,-3.832301378250122,11.00489616394043
227,21392,-80.21147996946456,-116.97166038438856,0.8306466666666666,1.0092167854309082,5.071664810180664,5.43115234375
228,21468,-174.72507340469875,-117.79132395006474,0.830045,1.0462664365768433,-9.046708106994629,9.715206146240234
229,21581,-121.50337604077002,-118.37962191853393,0.8291504166666667,0.9364577531814575,-8.320266723632812,9.867956161499023
230,21728,-83.7955095316319,-118.39564671621002,0.8279866666666666,1.319371223449707,-11.567238807678223,10.73801040649414
231,21853,-155.628299293819,-117.49847767080296,0.8269970833333333,1.8309465646743774,-11.291990280151367,12.658666610717773
232,21912,-81.01178518593282,-117.42580939081024,0.82653,1.1600922346115112,-3.7590389251708984,11.02472972869873
233,21986,-56.51442984748667,-115.4715202808544,0.8259441666666667,0.9304509162902832,1.0174466371536255,7.184642314910889
234,22108,-139.74341180416417,-116.24595827004752,0.8249783333333334,1.9133262634277344,-11.484146118164062,13.936148643493652
235,22211,-113.25796111014535,-116.59183819325963,0.8241629166666666,1.190693974494934,-3.7790379524230957,6.424106597900391
236,22361,-39.850853385507975,-116.22187899103685,0.8229754166666667,0.9894691109657288,1.7740516662597656,7.030418872833252
237,22467,-109.66981059851922,-116.42316758589809,0.82213625,1.846036672592163,-5.996747970581055,9.52879810333252
238,22537,-51.56839460935572,-115.59568144059106,0.8215820833333334,1.5588105916976929,-5.695816993713379,9.659546852111816
239,22660,-200.41452526294796,-116.80874942133988,0.8206083333333334,1.7459006309509277,-2.2208449840545654,9.176273345947266
240,22742,-116.23325803300875,-116.0561405501885,0.8199591666666667,0.9468041062355042,-6.369632720947266,7.642828941345215
241,22846,-118.26349714768747,-115.8808517263486,0.8191358333333334,0.4301201105117798,-3.7338130474090576,10.149999618530273
242,22943,-58.828322553311544,-113.26946112811169,0.8183679166666666,0.5675959587097168,-10.962371826171875,7.963752746582031
243,23007,-100.33550074353957,-113.77608014035806,0.81786125,2.3797078132629395,-2.451767921447754,12.357413291931152
244,23082,-74.04142814665424,-113.58392259240775,0.8172675,1.2572224140167236,-8.579560279846191,6.826292991638184
245,23186,-64.66013871306804,-113.22881613799584,0.8164441666666666,1.0169979333877563,-2.21231746673584,8.766426086425781
246,23278,-84.4729755892519,-112.41515386126807,0.8157158333333333,0.49072378873825073,-4.309518814086914,6.227872848510742
247,23409,-118.48999514152335,-111.81479169729491,0.81467875,1.5204882621765137,-14.106204986572266,8.410608291625977
248,23503,-71.71382465626422,-110.18798705231842,0.8139345833333334,1.0076731443405151,2.654546022415161,4.899390697479248
249,23658,-37.02644796823519,-109.37880736989753,0.8127075,0.5439928770065308,-7.108597755432129,7.048284530639648
250,23795,-79.45372119870994,-109.52901335001,0.8116229166666666,1.0689526796340942,4.450358867645264,6.450489521026611
251,23868,-44.59536794355252,-108.95103523176911,0.811045,1.0603972673416138,-3.103271484375,6.84152364730835
252,24001,-104.24973208274767,-109.15630494261441,0.8099920833333334,1.0733661651611328,-13.720799446105957,12.894874572753906
253,24164,-50.56913955891386,-108.18830457450264,0.8087016666666667,1.4219468832015991,-11.217803001403809,9.287382125854492
254,24280,-144.12536755489054,-108.31291055213792,0.8077833333333333,0.6588621139526367,-4.073509693145752,6.004256248474121
255,24386,-80.71714317020557,-108.4596861464523,0.8069441666666667,1.2855854034423828,0.9836039543151855,9.392337799072266
256,24457,-58.16498704268861,-107.97296915857247,0.8063820833333333,1.6396230459213257,-9.327068328857422,9.129905700683594
257,24534,-105.62456283716591,-104.90348269948646,0.8057725,1.5051090717315674,-6.070908069610596,12.010008811950684
258,24651,-99.80030346396842,-104.91708425383942,0.80484625,0.6176464557647705,7.71601676940918,4.875827789306641
259,24731,-280.3359572326053,-106.7065292077382,0.8042129166666667,0.7151364684104919,-9.059100151062012,6.671195983886719
260,24839,-147.91510159848548,-106.89968364503635,0.8033579166666667,0.4503418207168579,2.583068370819092,8.401449203491211
261,24921,-29.658364427955192,-105.97858665753209,0.80270875,0.6526789665222168,-14.959909439086914,11.331401824951172
262,25044,-119.86461204318495,-106.21544608126351,0.801735,0.9155925512313843,3.034527540206909,6.654322147369385
263,25148,-80.3796972306628,-105.9919361588638,0.8009116666666667,0.5212644338607788,-3.9626598358154297,4.261130332946777
264,25264,-49.887367292903306,-105.83782560938589,0.7999933333333333,1.2604697942733765,-2.9994287490844727,11.125931739807129
265,25379,-90.06047231294333,-105.2564341504416,0.7990829166666666,1.0945550203323364,0.35632455348968506,6.678043365478516
266,25517,-69.16575154652035,-105.71034440232768,0.7979904166666667,1.780281901359558,-15.141348838806152,11.466543197631836
267,25601,-107.55227412745187,-105.41696254680775,0.7973254166666667,1.287728190422058,-2.538116455078125,6.994722843170166
268,25668,-50.61829556557615,-104.99368242482181,0.796795,1.2868480682373047,4.6684722900390625,6.67601203918457
269,25739,-44.60400589410784,-103.7210817386748,0.7962329166666666,0.7238246202468872,0.6018614768981934,9.28658676147461
270,25861,-84.65270231875724,-103.84033086674754,0.7952670833333333,1.6350452899932861,-14.620668411254883,10.846370697021484
271,25978,-108.519446156082,-104.07471742029044,0.7943408333333333,1.035849690437317,-9.525026321411133,7.553491115570068
272,26074,-37.050701691273815,-102.87899965334594,0.7935808333333334,1.7986326217651367,0.2944769859313965,8.140143394470215
273,26184,-169.6188321279999,-103.82368769495483,0.79271,0.7162503004074097,1.2894773483276367,4.568661212921143
274,26253,-59.75893373475707,-102.4662728678635,0.79216375,1.1222974061965942,-2.3667571544647217,6.367697238922119
275,26348,-97.31160637960963,-102.95794282151793,0.7914116666666666,1.9163615703582764,-18.8039608001709,17.501506805419922
276,26455,-62.80568549811569,-101.69326224081243,0.7905645833333333,1.154109239578247,1.022596836090088,7.523128032684326
277,26557,-88.50417249392292,-101.78774406054558,0.7897570833333334,0.8203608989715576,1.6456036567687988,6.009528160095215
278,26621,-87.96587724635134,-101.90266046737447,0.7892504166666667,1.4755282402038574,-8.336504936218262,11.506961822509766
279,26723,-27.32474470223356,-101.23121917150152,0.7884429166666667,1.8202935457229614,-6.110536575317383,9.87891960144043
280,26791,-48.814911312752926,-100.19017239631201,0.7879045833333334,1.3398308753967285,-6.101309776306152,11.065189361572266
281,26925,-66.9568763536884,-100.42722208639074,0.7868437500000001,1.2612931728363037,-5.00180721282959,7.0981950759887695
282,27019,-430.1229932793913,-103.71192622409197,0.7860995833333333,1.5193536281585693,-12.7705659866333,7.899850845336914
283,27083,-36.25496883089903,-101.86839146065704,0.7855929166666666,1.3888731002807617,-10.727395057678223,12.639348030090332
284,27171,-79.27868387947751,-102.00966046505195,0.7848962500000001,1.2994611263275146,-13.161320686340332,9.117195129394531
285,27262,-80.85117017335702,-101.04234463645813,0.7841758333333333,0.9478347301483154,-4.2765326499938965,8.336973190307617
286,27341,-151.68024903554308,-102.14636724193453,0.7835504166666667,0.6858022212982178,-8.76704216003418,6.207581520080566
287,27455,-171.1919763998282,-102.57765297451682,0.7826479166666667,1.0987794399261475,-3.9133589267730713,6.726124286651611
288,27538,-45.55349980448291,-102.07357662368109,0.7819908333333333,0.757310152053833,-1.4295777082443237,5.278885841369629
289,27608,-128.51718263837387,-102.76874215306016,0.7814366666666667,0.8679027557373047,3.029372453689575,7.417568683624268
290,27744,-169.7938065327574,-103.17585253706076,0.78036,0.6058070659637451,7.319935321807861,3.6230835914611816
291,27857,-78.8421266136926,-102.82100427770149,0.7794654166666667,0.8462162017822266,-7.937146186828613,5.5847392082214355
292,27966,-111.6627031894681,-103.37779992510434,0.7786025,1.2528151273727417,4.3165693283081055,8.719175338745117
293,28096,-96.92213589026028,-103.31274602020066,0.7775733333333333,1.5413239002227783,-3.3204925060272217,9.200841903686523
294,28154,-83.45134504615271,-102.79184000608333,0.7771141666666667,2.6053378582000732,-19.030067443847656,17.363601684570312
295,28223,-109.3941132792161,-103.05602897318943,0.7765679166666667,1.1346029043197632,1.6665480136871338,6.913132667541504
296,28361,-66.33911317994031,-100.08906379152033,0.7754754166666666,1.38626229763031,-1.8829050064086914,11.995138168334961
297,28466,-62.69926878606307,-99.64655923300366,0.7746441666666667,0.5154305100440979,-0.9778285026550293,5.670665740966797
298,28550,-79.25430201328396,-99.57072929762109,0.7739791666666667,1.5058302879333496,3.2467894554138184,7.626829147338867
299,28647,-101.07902720271981,-98.1083569714538,0.77321125,0.8686052560806274,13.021400451660156,5.968677520751953
300,28726,-23.55176467614794,-97.52284884227032,0.7725858333333333,1.048699975013733,4.640622615814209,8.221158027648926
301,28835,-72.27030495915368,-97.36730177508817,0.7717229166666667,1.8452177047729492,-11.273977279663086,12.665221214294434
302,28929,-11.904389947080901,-96.64681760480991,0.77097875,1.4132026433944702,-11.011706352233887,11.886417388916016
303,29026,-78.18703109612633,-96.10819167401009,0.7702108333333333,1.1706938743591309,-18.862760543823242,9.803617477416992
304,29145,-72.79401851683602,-96.41300583501723,0.76926875,1.338683009147644,-6.47238826751709,8.3654203414917
305,29245,-63.4381989271684,-96.02610314654073,0.7684770833333333,1.1657499074935913,-10.208189010620117,5.631775856018066
306,29354,-128.69317883195873,-95.86703864923345,0.7676141666666667,0.2891078591346741,-5.246751308441162,9.865836143493652
307,29426,-92.80293005701994,-96.02216878966674,0.7670441666666666,0.6987813115119934,-2.256049156188965,5.410311222076416
308,29544,-96.62231628027166,-95.82506830362574,0.7661100000000001,1.0525754690170288,-16.0305233001709,6.06965446472168
309,29642,-60.68831962074458,-95.06095902439323,0.7653341666666666,0.6219801902770996,11.987602233886719,7.487719535827637
310,29766,-129.41628492419514,-95.43762358058389,0.7643525,1.3079466819763184,-3.3734912872314453,8.484241485595703
311,29875,-65.16570047338521,-95.01940276629172,0.7634895833333333,1.51907217502594,-7.750913619995117,9.250617980957031
312,29949,-8.062651462846816,-94.606362551818,0.76290375,1.446061372756958,1.225151777267456,7.6282639503479
313,30087,-114.85360343467904,-94.59061972849237,0.76181125,0.8340390920639038,-11.741181373596191,9.27987003326416
314,30236,-70.18493873461034,-94.3058537798674,0.7606316666666667,0.7229235768318176,7.594970703125,4.901116371154785
315,30306,-33.424182353881974,-93.19213809616564,0.7600775,0.8538536429405212,-11.017380714416504,9.826086044311523
316,30387,-66.62563268150758,-93.18179329483375,0.75943625,0.8318072557449341,0.1743180751800537,5.1191086769104
317,30460,-93.58553624247469,-93.80992558222684,0.7588583333333333,1.4674222469329834,-20.17046546936035,7.504032611846924
318,30570,-53.63881240234072,-93.70778936724263,0.7579875,0.771066427230835,2.1574392318725586,5.9243059158325195
319,30683,-108.33594489012177,-93.52802483057296,0.7570929166666667,0.6025197505950928,-5.578498363494873,7.0464301109313965
320,30766,-87.57610717707504,-93.36851698566592,0.7564358333333333,1.1158922910690308,0.3859901428222656,8.32777214050293
321,30901,-7.475309152402133,-92.15186679544102,0.7553670833333334,1.191852331161499,-6.048106670379639,8.032293319702148
322,31035,-88.05431040289105,-92.03753620722956,0.75430625,0.5962784886360168,4.9272050857543945,10.416688919067383
323,31125,-75.38644099369698,-91.80944363993127,0.75359375,1.1735737323760986,-0.8419547080993652,8.93669605255127
324,31200,-108.40299142386698,-91.83789481647855,0.753,1.9816159009933472,-5.374729156494141,10.505300521850586
325,31270,-55.615033421263945,-90.46600939375664,0.7524458333333334,0.3658323884010315,7.934020042419434,4.443328380584717
326,31335,-41.683029335185324,-90.19914641071612,0.75193125,0.832611620426178,4.155961990356445,5.91337251663208
327,31438,-82.22827888394627,-90.21931439986092,0.7511158333333333,1.762300968170166,-22.687454223632812,8.299604415893555
328,31555,-90.20263872189683,-89.37409005303293,0.7501895833333333,1.7375104427337646,6.694755554199219,8.540178298950195
329,31630,-70.96772164459074,-88.86873350907113,0.7495958333333334,0.6584908962249756,-1.5152969360351562,3.8705735206604004
330,31742,-91.17243791003891,-88.94250279285521,0.7487091666666666,1.2106808423995972,-13.237188339233398,8.917177200317383
331,31811,-96.73022138303705,-88.3535220137474,0.7481629166666667,0.7757549285888672,3.130312919616699,7.531388759613037
332,31934,-69.39007576316885,-88.23730491951976,0.7471891666666667,0.9232569932937622,9.468374252319336,3.760934591293335
333,32009,-68.73986465893958,-88.35955926763428,0.7465954166666666,1.6253609657287598,-7.10624885559082,11.372438430786133
334,32089,-35.258017252806056,-87.3147053221207,0.7459620833333334,0.7131916284561157,-10.578039169311523,4.914825916290283
335,32174,-294.3161183549164,-89.1252868945684,0.7452891666666667,0.4942317605018616,10.441465377807617,3.6593527793884277
336,32257,-76.10554057996269,-89.48783376651296,0.7446320833333333,1.129311442375183,-0.25421881675720215,7.448081970214844
337,32392,-43.23690534440341,-88.8235047139718,0.7435633333333334,0.6313565373420715,7.6678547859191895,6.934623718261719
338,32502,-82.89185762874726,-89.1367393441657,0.7426925,0.6871153712272644,-3.582827568054199,8.842330932617188
339,32625,-70.68064992378146,-87.83940059077403,0.74171875,0.955517053604126,10.884872436523438,4.770144939422607
340,32749,-69.2274306447112,-87.36934231689105,0.7407370833333333,1.2851808071136475,-10.908796310424805,5.677457809448242
341,32830,-77.70455208590906,-86.96375286627327,0.7400958333333334,1.0336371660232544,-6.5818963050842285,4.012947082519531
342,32939,-19.184815994116818,-86.56731780068132,0.7392329166666667,1.1508102416992188,0.5107617378234863,9.651117324829102
343,33061,-61.38535150413918,-86.1778163082873,0.7382670833333334,1.9481830596923828,-2.295675754547119,12.089897155761719
344,33149,-55.79645657957577,-85.99536659261652,0.7375704166666667,0.8577507138252258,4.104067802429199,7.888101577758789
345,33224,-76.76959706608282,-86.11646117614667,0.7369766666666666,0.7176029682159424,-1.1195006370544434,8.471055030822754
346,33287,-95.3828824214516,-86.22556024446871,0.7364779166666666,1.0500171184539795,5.420810222625732,9.136743545532227
347,33355,-73.00337101114222,-85.77069400316488,0.7359395833333333,1.0034050941467285,-7.266163349151611,7.971684455871582
348,33441,-92.30997695908172,-85.97665552619306,0.7352587500000001,0.5770428776741028,0.04329252243041992,9.947277069091797
349,33541,-91.61410493662498,-86.52253209587698,0.7344670833333333,1.402721643447876,-0.5845351219177246,8.15705680847168
350,33629,-89.35350493586166,-86.62152993324848,0.7337704166666668,0.4440726637840271,8.858275413513184,4.978700637817383
351,33701,-78.37251752726348,-86.95930142908556,0.7332004166666667,0.6396844983100891,8.817159652709961,6.466628074645996
352,33765,-68.4031698282104,-86.6008358065402,0.73269375,0.9133015871047974,11.862991333007812,8.06806755065918
353,33877,-123.0442604664766,-87.32558701561582,0.7318070833333333,2.2330570220947266,2.6782491207122803,10.01521110534668
354,33953,-80.83792427283278,-86.69271258279525,0.7312054166666667,1.2556695938110352,3.8154585361480713,10.423531532287598
355,34060,-54.09041038250642,-86.42644525491828,0.7303583333333333,0.7928677797317505,5.374834060668945,4.844358921051025
356,34169,-40.30622827865392,-86.24785766727791,0.7294954166666667,1.5094819068908691,-13.025781631469727,8.531363487243652
357,34273,-101.38227780724687,-86.20543481697874,0.7286720833333333,2.317640542984009,-5.765362739562988,12.80375862121582
358,34349,-73.7541529769536,-85.94497331210856,0.7280704166666667,1.1331977844238281,6.042218208312988,7.7693305015563965
359,34437,-115.15366277067068,-84.29315036748922,0.72737375,1.4151933193206787,5.930934429168701,15.13616943359375
360,34511,-79.5036933742431,-83.6090362852468,0.7267879166666666,1.1134145259857178,1.472599983215332,9.390740394592285
361,34626,-61.051713983995185,-83.92296978080722,0.7258775000000001,2.4978013038635254,-12.42508602142334,13.893695831298828
362,34759,-86.12781465955281,-83.5856018069709,0.7248245833333333,1.8501335382461548,5.011504173278809,7.920519828796387
363,34880,-17.03479850436861,-82.95215281970795,0.7238666666666667,0.6414152979850769,7.052091598510742,6.129029750823975
364,34986,-100.38889358458577,-83.45716808262478,0.7230275,1.0541207790374756,-7.422245979309082,5.72337532043457
365,35091,-73.96212416325048,-83.29618460112786,0.7221962500000001,0.746405839920044,-1.5293667316436768,5.026568412780762
366,35169,-43.97845691009236,-83.04431165476355,0.72157875,0.586707353591919,1.8627634048461914,5.807110786437988
367,35298,-95.11587883585797,-82.91994770184762,0.7205575,0.8911720514297485,-0.44365406036376953,7.284896373748779
368,35424,-50.316990745773204,-82.91693465364959,0.71956,1.3321635723114014,-1.0086698532104492,9.664763450622559
369,35491,-93.40875098150522,-83.40498210452357,0.7190295833333333,1.4271759986877441,1.391402244567871,7.020115852355957
370,35609,-109.22670190190176,-83.65072210035501,0.7180954166666667,0.5967050790786743,3.9244344234466553,6.169310569763184
371,35670,-67.74044420804526,-83.24293208087465,0.7176125,0.6206372380256653,-12.207281112670898,4.352238178253174
372,35768,-98.86969632107252,-83.86112202717264,0.7168366666666667,1.0978140830993652,-7.327903747558594,9.316585540771484
373,35899,-92.93450332437014,-83.09427873913633,0.7157995833333333,1.1822892427444458,-6.398069381713867,13.311563491821289
374,36015,-98.71548032560919,-83.48384420504486,0.71488125,1.057633876800537,-6.693689346313477,8.005487442016602
375,36089,-42.47645145586567,-82.93549265580742,0.7142954166666666,0.8140710592269897,1.0344874858856201,9.285296440124512
376,36219,-119.86687030000729,-83.50610450382634,0.71326625,0.798862874507904,7.392928123474121,5.926569938659668
377,36317,-79.59129832027294,-83.41697576208982,0.7124904166666667,1.2786827087402344,-3.1558165550231934,6.471691131591797
378,36416,-72.98942986358745,-83.2672112882622,0.7117066666666667,1.0861907005310059,-2.9559154510498047,9.276958465576172
379,36484,-94.17651505339252,-83.93572899177377,0.7111683333333334,0.7069979906082153,-1.8750321865081787,6.568591117858887
380,36609,-54.98442180071558,-83.99742409665342,0.7101787500000001,1.6278618574142456,-5.353277206420898,8.747681617736816
381,36694,-89.80558615961863,-84.2259111947127,0.7095058333333333,1.0216975212097168,6.093093395233154,5.6920623779296875
382,36825,-18.083432315124327,-80.10551558507004,0.70846875,0.8510299921035767,10.239226341247559,9.883633613586426
383,36937,-72.15007567888574,-80.46446665354989,0.7075820833333333,0.814588189125061,1.87310791015625,7.388356685638428
384,37039,-141.48588846483398,-81.08653869940348,0.7067745833333334,1.1346797943115234,2.0717697143554688,5.34945821762085
385,37154,-102.97854526201752,-81.30781245029007,0.7058641666666667,1.0987612009048462,5.430211067199707,7.688841819763184
386,37256,-102.76319140445295,-80.81864187397917,0.7050566666666667,1.7985244989395142,-14.5130615234375,15.17803955078125
387,37345,-68.92627665735175,-79.79598487655441,0.7043520833333334,1.5165035724639893,-6.787193298339844,8.874354362487793
388,37424,-92.75489194656794,-80.26799879797527,0.7037266666666666,0.7277107834815979,-14.411237716674805,5.7686944007873535
389,37537,-51.46637017309338,-79.49749067332247,0.7028320833333332,1.8566533327102661,-9.850956916809082,11.97701644897461
390,37641,-102.53308008805452,-78.82488340887544,0.7020087500000001,1.855346918106079,-16.619792938232422,12.384952545166016
391,37750,-61.99831820734876,-78.656445324812,0.7011458333333334,0.7976332902908325,2.8667991161346436,8.304638862609863
392,37824,-40.75778133212819,-77.9473961062386,0.7005600000000001,1.0086677074432373,6.26605224609375,6.372089385986328
393,37927,-90.35183590837346,-77.88169310641973,0.6997445833333333,0.5103467106819153,-0.41318321228027344,5.693728446960449
394,38061,-166.00499042367017,-78.7072295601949,0.69868375,0.711042046546936,11.394618034362793,4.577166557312012
395,38154,-95.44810200664945,-78.56776944746925,0.6979474999999999,0.42069506645202637,10.191787719726562,1.642380952835083
396,38226,-43.69165101857491,-78.34129482585558,0.6973775,1.616140604019165,0.9282875061035156,11.416848182678223
397,38339,-26.28769037827618,-77.9771790417777,0.6964829166666666,1.9668126106262207,-5.942699909210205,11.583847045898438
398,38429,-91.6160803658684,-78.10079682530355,0.6957704166666667,1.6852571964263916,-10.506790161132812,11.036768913269043
399,38502,-136.41539145013797,-78.45416046777773,0.6951925,1.5190069675445557,-0.4208493232727051,9.323423385620117
400,38577,-60.13138142205604,-78.8199566352368,0.6945987499999999,1.204460859298706,10.327945709228516,8.144946098327637
401,38654,-34.75897289104459,-78.44484331455571,0.6939891666666667,0.7836863994598389,6.597392559051514,3.933088779449463
402,38762,-37.02365102788967,-78.69603592536382,0.6931341666666666,1.0565438270568848,10.423142433166504,6.528677940368652
403,38852,-156.16243464031618,-79.4757899608057,0.6924216666666667,1.5692328214645386,-7.83008337020874,9.246521949768066
404,38974,-25.405959422976295,-79.0019093698671,0.6914558333333334,1.3979942798614502,-5.188518047332764,8.528301239013672
405,39061,-37.01119633933716,-78.7376393439888,0.6907670833333334,0.7222350239753723,2.43131160736084,5.139003276824951
406,39166,-55.61417164847727,-78.00684927215399,0.6899358333333333,0.945690929889679,-8.00818157196045,8.768495559692383
407,39238,-98.97919721410031,-78.06861194372479,0.6893658333333333,1.3469877243041992,7.982327461242676,6.576384544372559
408,39314,-66.13587742620555,-77.76374755518412,0.6887641666666666,0.4461699426174164,-0.4395561218261719,5.107665061950684
409,39449,-132.25330023082384,-78.47939736128492,0.6876954166666667,2.2409420013427734,-3.265413761138916,15.011316299438477
410,39545,-77.01420586204875,-77.95537657066345,0.6869354166666667,1.5732955932617188,6.9462890625,9.711098670959473
411,39625,-109.05517221657016,-78.3942712880953,0.6863020833333333,0.6637600660324097,11.573492050170898,6.804758071899414
412,39733,-15.334131955621245,-78.46698609302304,0.6854470833333333,1.224369764328003,-7.267758369445801,8.973575592041016
413,39836,-103.30808958328777,-78.35153095450913,0.6846316666666666,0.8560580611228943,6.953315734863281,6.479728698730469
414,39944,-54.11022712184952,-78.19078383838153,0.6837766666666667,0.6601536273956299,10.354105949401855,5.191441059112549
415,40030,-104.9823044423335,-78.90636505926605,0.6830958333333333,0.7287691235542297,0.44393134117126465,6.644765853881836
416,40124,-66.9380041446985,-78.90948877389796,0.6823516666666667,1.081236481666565,13.034589767456055,6.716531753540039
417,40215,-72.98389848647108,-78.70347239633792,0.68163125,0.9456552267074585,2.830200672149658,6.424581527709961
418,40311,-68.43558240180408,-78.85144009633255,0.68087125,1.2175302505493164,2.100843906402588,8.622651100158691
419,40385,-83.98323915967251,-78.60791303902805,0.6802854166666666,0.7700661420822144,5.980422019958496,5.965109825134277
420,40472,-87.94183444073931,-78.6115703116647,0.6795966666666666,0.7821971774101257,19.15092658996582,7.034379005432129
421,40602,-106.56796056304437,-79.60249682577113,0.6785675,0.7001768946647644,0.9943256378173828,5.352006912231445
422,40677,-114.51048485573517,-79.86705857029956,0.67797375,1.1267988681793213,-13.516427993774414,10.779823303222656
423,40793,-35.63779286913456,-79.46957208905394,0.6770554166666667,0.852516770362854,-1.695981502532959,8.21359634399414
424,40876,-73.61785783766467,-79.12172075319191,0.6763983333333333,0.24057713150978088,13.526189804077148,5.918794631958008
425,40981,-30.571257790398676,-78.87128299688327,0.6755670833333334,0.945456862449646,5.212478160858154,6.913200855255127
426,41076,-54.2227826747813,-78.99668053027924,0.6748149999999999,0.6460950374603271,6.747779369354248,3.548311233520508
427,41166,-107.89727079187867,-79.25337044935854,0.6741025,1.264837622642517,-5.101445198059082,10.435619354248047
428,41249,-32.55546983864451,-78.67689876052602,0.6734454166666667,1.3516147136688232,-6.160440444946289,6.128261566162109
429,41334,-23.79623010487458,-78.20518384512886,0.6727725,0.44784027338027954,6.326944351196289,3.626854658126831
430,41421,-28.658990554917253,-77.58004937157766,0.67208375,0.9503963589668274,6.4990129470825195,6.211400032043457
431,41533,-107.21379780583852,-77.68488513580566,0.6711970833333334,0.8329836130142212,-0.06206178665161133,6.622756004333496
432,41613,-71.5087866357447,-77.70607224453141,0.67056375,1.0060864686965942,3.9415194988250732,6.93874454498291
433,41694,-71.32121866625411,-77.73188578460456,0.6699225,1.3277006149291992,-1.8275117874145508,7.950344085693359
434,41777,-91.98540303548263,-78.29915964243133,0.6692654166666667,1.8042106628417969,-16.92791748046875,9.514498710632324
435,41851,-103.62512485898465,-76.392249707472,0.6686795833333333,0.7522578835487366,2.682910919189453,6.317793846130371
436,41966,-62.03337249546532,-76.25152802662704,0.6677691666666667,1.151847004890442,-1.2313179969787598,7.423727989196777
437,42037,-44.33284922618371,-76.26248746544483,0.6672070833333333,1.56432044506073,2.462306499481201,10.721805572509766
438,42149,-68.10532740468736,-76.11462216320425,0.6663204166666667,0.19130226969718933,-7.23624324798584,5.16486930847168
439,42222,-45.47183008969574,-75.86253396486339,0.6657425,0.5646933913230896,7.777464389801025,4.628274917602539
440,42358,-46.408256601570216,-75.63434222443199,0.6646658333333333,0.43620896339416504,-5.955814361572266,4.210922718048096
441,42492,-55.818058619147536,-75.41547728976437,0.663605,0.9241353869438171,-11.279438018798828,7.742720603942871
442,42599,-17.22205788993186,-75.39584970872252,0.6627579166666667,0.6481913924217224,11.740267753601074,8.88167667388916
443,42706,-73.6250184371774,-75.5182463780529,0.6619108333333333,0.6978020668029785,-20.163780212402344,6.326478481292725
444,42835,-72.3395474990798,-75.68367728724793,0.6608895833333334,1.0006335973739624,7.992187976837158,5.575687408447266
445,42920,-35.6554417108775,-75.27253573369589,0.6602166666666667,0.6024420261383057,8.616739273071289,5.247785568237305
446,43012,-123.90831534279813,-75.55779006290936,0.6594883333333333,0.6540589332580566,3.1690266132354736,5.695929050445557
447,43075,-68.87787013951862,-75.51653505419311,0.6589895833333334,0.5396988987922668,-1.6382050514221191,7.685825824737549
448,43158,-29.508765217295505,-74.88852293677525,0.6583325,1.1372601985931396,7.8464508056640625,13.641040802001953
449,43231,-34.34380149786173,-74.31581990238763,0.6577545833333334,0.798032283782959,4.732776641845703,5.706460952758789
450,43317,-90.46147628724952,-74.3268996159015,0.65707375,1.1201698780059814,-8.146162033081055,5.5754547119140625
451,43406,-51.27802855135852,-74.05595472614245,0.6563691666666667,1.5008125305175781,-3.4244022369384766,6.347485542297363
452,43504,23.64282139962772,-73.13549481386407,0.6555933333333334,1.5726773738861084,16.47402572631836,8.063827514648438
453,43577,-66.93492389025569,-72.57440144810187,0.6550154166666666,1.5676193237304688,-5.847764015197754,10.878327369689941
454,43651,-93.74064065336901,-72.70342861190721,0.6544295833333333,0.7797446846961975,-0.5004246234893799,6.558220863342285
455,43734,-68.92652753290167,-72.85178978341118,0.6537725000000001,0.7646912336349487,1.9148051738739014,6.2733564376831055
456,43870,9.35104970635011,-72.35521700356114,0.6526958333333334,0.9193353652954102,-0.3544502258300781,5.188316345214844
457,43981,-58.763937397759534,-71.92903359946628,0.6518170833333334,1.229630947113037,3.7621960639953613,7.679028511047363
458,44085,-74.38349452799953,-71.93532701497674,0.65099375,0.4825257360935211,7.45192813873291,5.7996826171875
459,44204,-41.31397434950325,-71.19693013076505,0.6500516666666667,1.4821665287017822,-2.8025879859924316,12.74681282043457
460,44298,-52.92587284250269,-70.93115192544765,0.6493075,0.6417268514633179,16.196699142456055,4.568614959716797
461,44365,-57.90739073506067,-70.8997086929583,0.6487770833333333,0.28896915912628174,8.389933586120605,5.424190521240234
462,44475,-95.32820188252393,-70.99171256518801,0.64790625,0.4801272749900818,14.478413581848145,2.9529826641082764
463,44559,-1.8621688608307068,-70.83998626875264,0.64724125,1.0213844776153564,14.913226127624512,4.993355751037598
464,44651,-51.954076340293824,-70.35563809630972,0.6465129166666668,0.28732436895370483,4.4207234382629395,8.705522537231445
465,44763,20.76804161095724,-69.40833643856764,0.6456262500000001,1.0367077589035034,0.8455348014831543,8.98263931274414
466,44834,-78.84496012927404,-69.75700147075946,0.6450641666666668,1.0827311277389526,13.008337020874023,6.492325305938721
467,44951,-74.69772170625781,-69.55281989946344,0.6441379166666668,0.7392562031745911,11.567048072814941,5.955249309539795
468,45041,-51.934732526661996,-69.56899731727233,0.6434254166666666,0.816422164440155,6.122508525848389,6.29705810546875
469,45132,-69.21274923414101,-69.32703729979869,0.6427050000000001,0.6786339282989502,10.596415519714355,7.276655673980713
470,45234,-37.326469838686634,-68.60803497916653,0.6418975,0.5908794403076172,3.9748857021331787,6.421662330627441
471,45321,-56.55872104747918,-68.49621774756088,0.6412087500000001,1.6614515781402588,5.129960060119629,11.298727035522461
472,45419,-57.67639081193607,-68.08428469246952,0.6404329166666667,0.6625196933746338,4.669100761413574,9.19662857055664
473,45515,-13.971138866653973,-67.29465104789236,0.6396729166666666,0.9906139373779297,21.59003448486328,4.5585150718688965
474,45628,-39.80637485652822,-66.70555999320155,0.6387783333333334,1.3582587242126465,3.4568681716918945,9.376105308532715
475,45761,-86.79219524959103,-67.14871743113879,0.6377254166666666,0.6647701859474182,15.673833847045898,6.383516311645508
476,45866,-76.074836898829,-66.710797097127,0.6368941666666668,1.4865459203720093,3.1711385250091553,6.829399108886719
477,45936,-43.92566176933473,-66.35414073161762,0.63634,0.5894491672515869,5.831864356994629,10.412273406982422
478,46040,-53.24564236268721,-66.15670285660863,0.6355166666666667,1.173728108406067,-8.419252395629883,8.560680389404297
479,46111,-30.09342229352174,-65.51587192900992,0.6349545833333334,0.907029926776886,3.7827694416046143,7.615732192993164
480,46221,-34.11672591904953,-65.30719497019327,0.6340837500000001,1.3624800443649292,5.278242111206055,7.1444573402404785
481,46325,-24.029525222476565,-64.64943436082186,0.6332604166666667,0.44588690996170044,6.9399261474609375,4.361512660980225
482,46396,-43.531891945606915,-64.90391895712668,0.6326983333333334,0.7893856763839722,3.359988212585449,11.308393478393555
483,46492,-119.44621088141719,-65.37688030915197,0.6319383333333333,1.2416844367980957,-7.679722785949707,8.072843551635742
484,46613,-58.67611095230419,-64.54878253402667,0.6309804166666666,0.6153290867805481,5.726404666900635,4.974688529968262
485,46682,-61.920097683779744,-64.1381980582443,0.6304341666666666,0.7437595129013062,10.816349983215332,8.007287979125977
486,46805,-61.38449829481358,-63.7244111271479,0.6294604166666666,1.0044093132019043,13.130870819091797,7.2203369140625
487,46935,26.82296565346084,-62.76691870403979,0.62843125,0.8964591026306152,14.350494384765625,8.205120086669922
488,47013,-31.254185252556994,-62.151911637099694,0.6278137500000001,1.7601161003112793,-0.6567792892456055,12.429620742797852
489,47092,-28.40128490907371,-61.92126078445949,0.6271883333333333,0.8128371834754944,6.609468936920166,3.780398368835449
490,47161,-46.26650012093539,-61.3585949847883,0.6266420833333333,0.8681111931800842,20.51770782470703,5.069033622741699
491,47267,-39.124131345528895,-61.12985311617009,0.6258029166666668,1.027705430984497,8.251802444458008,4.403293609619141
492,47369,-48.729271450047946,-61.20956801734929,0.6249954166666667,0.833500862121582,-7.723278045654297,8.56999397277832
493,47458,-77.697408649284,-61.08302374475839,0.6242908333333334,0.7768988609313965,6.246133804321289,6.178327560424805
494,47536,-47.84392304147868,-59.90141307093647,0.6236733333333333,0.5542636513710022,23.108104705810547,5.795938014984131
495,47647,-65.44897040925446,-59.60142175496253,0.6227945833333333,1.1561154127120972,9.759522438049316,10.430282592773438
496,47777,4.289530918852336,-59.121609935588246,0.6217654166666666,0.8952493667602539,-2.5951926708221436,9.24938678741455
497,47878,-69.88044952205976,-59.5575375270261,0.6209658333333333,1.2057911157608032,12.343196868896484,8.109926223754883
498,47971,-108.51135453197425,-59.72649026868716,0.6202295833333333,0.81390780210495,5.512179374694824,7.366124153137207
499,48049,-28.124314941457783,-58.64357950360035,0.6196120833333334,1.0135239362716675,8.228582382202148,7.703119277954102
500,48168,-73.1464330494636,-58.77373001987443,0.61867,1.1383278369903564,0.2435593605041504,7.116559028625488
501,48268,-87.39225473699713,-59.30006283833396,0.6178783333333333,1.0362194776535034,0.6290106773376465,8.549076080322266
502,48364,-87.34010516028809,-59.80322737965794,0.6171183333333333,0.6910852193832397,-5.582284927368164,4.843712329864502
503,48486,-43.41382881749165,-58.6757413214297,0.6161525,0.6689333915710449,-1.5442328453063965,3.6371941566467285
504,48572,-32.95142614211903,-58.75119598862112,0.6154716666666666,0.7831169366836548,7.918872833251953,7.886047840118408
505,48666,-43.092713284703876,-58.812011158074775,0.6147275,0.6542947292327881,14.82453727722168,5.200555801391602
506,48777,-53.68955846053473,-58.79276502619535,0.61384875,1.0755140781402588,0.3703346252441406,6.41751766204834
507,48901,-38.819596703078545,-58.19116902108513,0.6128670833333334,0.4250261187553406,-3.8111486434936523,4.59886360168457
508,48991,-51.636336296706126,-58.04617360979014,0.6121545833333333,0.9815365672111511,0.27844762802124023,5.0887837409973145
509,49078,-55.265678945124414,-57.27629739693316,0.6114658333333334,0.8511670827865601,3.2709429264068604,4.6191582679748535
510,49205,-67.71608043651058,-57.18331614267777,0.6104604166666667,1.1727304458618164,-7.956523895263672,6.112330436706543
511,49292,-23.063000397822833,-56.323394424490296,0.6097716666666666,0.8844826221466064,4.482554912567139,7.175239086151123
512,49384,-31.096390204696718,-56.481017006981055,0.6090433333333334,0.8388937711715698,5.099456787109375,6.830597400665283
513,49507,-84.1144709894329,-56.289080821042496,0.6080695833333334,1.3902015686035156,-7.054445266723633,4.959176063537598
514,49595,-20.766758215565034,-55.955646131979655,0.6073729166666667,0.708986759185791,27.178157806396484,5.1008148193359375
515,49671,-15.96263263616919,-55.06544941391801,0.60677125,0.8038769364356995,9.57398796081543,4.701083183288574
516,49747,-18.302098436232214,-54.57909035683335,0.6061695833333334,1.039422631263733,5.474167823791504,6.417037010192871
517,49877,-8.88024932288181,-53.93805386519745,0.6051404166666667,0.3234456777572632,17.06374168395996,4.042131423950195
518,49970,-64.4956342806098,-53.898654383985516,0.6044041666666666,0.8262871503829956,22.076900482177734,7.066097259521484
519,50072,-78.73092037727571,-53.84613119616155,0.6035966666666667,0.9571794271469116,-7.977100372314453,7.0967607498168945
520,50182,-49.106744669398154,-53.45778029844812,0.6027258333333334,1.541048526763916,3.4837560653686523,7.80306339263916
521,50269,-54.53939433624777,-52.93749463618017,0.6020370833333333,1.4880599975585938,7.687008380889893,11.318548202514648
522,50385,-59.65735573124137,-52.38896334493523,0.60111875,1.1609431505203247,9.175152778625488,5.421296119689941
523,50502,-71.69843247910924,-52.749569741034975,0.6001925,0.5050082802772522,8.937211036682129,2.8414268493652344
524,50619,-28.548053520289727,-52.29887169786122,0.59926625,0.6971877813339233,1.2858986854553223,5.179710388183594
525,50714,-74.95403978559638,-52.7426995178132,0.5985141666666667,0.9430327415466309,6.619536399841309,4.988839626312256
526,50788,-69.11989506044534,-52.89167064166984,0.5979283333333334,0.8029768466949463,19.215152740478516,4.497162342071533
527,50913,-74.46901519886387,-52.557388085739696,0.5969387500000001,0.8478821516036987,3.6008384227752686,6.411474227905273
528,51029,-33.780636416377135,-52.56963975151702,0.5960204166666667,1.0475003719329834,12.569866180419922,5.992326259613037
529,51108,-9.068216492377147,-52.42235961539206,0.595395,0.7681393623352051,11.741990089416504,5.502099990844727
530,51189,-19.1526357901688,-52.327296067744555,0.59475375,1.0696948766708374,-2.96453857421875,6.816414833068848
531,51295,-57.01049316814157,-51.82526302136759,0.5939145833333334,1.0092134475708008,8.853963851928711,9.055212020874023
532,51420,-41.75823907373095,-51.527757545747455,0.592925,0.7087405323982239,14.361855506896973,12.310855865478516
533,51499,-52.10179157393748,-51.33556327482429,0.5922995833333333,1.0715043544769287,10.79116439819336,7.856268882751465
534,51569,-25.602393525781494,-50.67173317972729,0.5917454166666667,0.9754824638366699,8.559907913208008,5.194545745849609
535,51682,-37.53158055580269,-50.010797736695466,0.5908508333333333,0.9006917476654053,-8.7653226852417,5.863977432250977
536,51786,-105.53086339396971,-50.445772645680506,0.5900275,0.5997104644775391,20.863418579101562,3.9555840492248535
537,51892,-77.559194098526,-50.77803609440393,0.5891883333333334,1.342513084411621,6.008927345275879,7.206130027770996
538,51992,-120.99668162851356,-51.30694963664219,0.5883966666666667,0.8188148736953735,1.6664053201675415,5.540079116821289
539,52058,-78.28030100148125,-51.63503434576003,0.5878741666666667,1.59269380569458,9.098304748535156,11.071662902832031
540,52150,-65.26580062389579,-51.8236097859833,0.5871458333333334,0.5887961387634277,9.284505844116211,6.980457305908203
541,52252,-82.4623320296431,-52.09005252008826,0.5863383333333334,0.9558491110801697,11.214706420898438,8.173421859741211
542,52338,-52.34746111594632,-52.44130655234841,0.5856575,1.2750405073165894,3.7793567180633545,9.092741012573242
543,52426,-26.51180270246087,-51.97017439500124,0.5849608333333334,1.0636663436889648,17.394235610961914,3.329476833343506
544,52539,-68.24375406521129,-51.929216460662545,0.58406625,0.7100178003311157,18.653812408447266,2.3866772651672363
545,52624,-11.005854971820995,-51.682720593271966,0.5833933333333334,0.4260812997817993,-0.6680140495300293,5.777020454406738
546,52699,-55.0833982163718,-50.99447142200772,0.5827995833333334,1.0898884534835815,15.463493347167969,9.174104690551758
547,52789,-14.683490907904371,-50.45252762969157,0.5820870833333334,0.38647186756134033,10.951240539550781,5.4365692138671875
548,52892,-40.100567878010594,-50.55844565629873,0.5812716666666666,0.6825298070907593,3.3449158668518066,6.317212104797363
549,53012,-65.47892384446426,-50.86979687976476,0.5803216666666667,0.7177950143814087,-5.769959926605225,6.685356140136719
550,53092,-49.71146454892967,-50.462296762381555,0.5796883333333334,0.8481607437133789,9.633893966674805,9.010202407836914
551,53163,-26.02416303972143,-50.20975810726519,0.5791262500000001,1.4744662046432495,11.163142204284668,9.946598052978516
552,53267,-61.29781976493918,-51.059164518910855,0.5783029166666667,0.5798671841621399,18.57294464111328,4.45903205871582
553,53334,-45.75198358868589,-50.847335115895156,0.5777725,1.2448828220367432,6.491048336029053,6.048476219177246
554,53422,-50.732990867964844,-50.41725861804112,0.5770758333333333,1.516023874282837,1.0131134986877441,11.442598342895508
555,53488,-40.70501690364193,-50.13504351174852,0.5765533333333334,0.46939122676849365,4.310574054718018,4.066371440887451
556,53593,-4.003111135736248,-50.268585120169384,0.5757220833333334,0.7384994029998779,7.080484390258789,6.772027969360352
557,53661,-46.97808407297491,-50.150726586921536,0.5751837500000001,0.7371976375579834,7.632686138153076,5.741052627563477
558,53745,-55.62701676882958,-49.96316180932984,0.57451875,0.9560686945915222,21.017539978027344,8.633368492126465
559,53814,-17.44978068588847,-49.72451987269368,0.5739725,0.6226434707641602,11.733352661132812,7.120257377624512
560,54318,-119.0523441731352,-50.385784586,0.5699825000000001,0.6717904806137085,2.5165553092956543,6.297990798950195
561,54432,-66.72410060912364,-50.47395168474063,0.56908,0.6144932508468628,2.758559226989746,8.408628463745117
562,54532,-88.88315763066825,-50.40950124222208,0.5682883333333333,0.877596378326416,3.8861546516418457,8.391317367553711
563,54631,-67.93746653933763,-51.07025421900715,0.5675045833333334,0.3879307210445404,19.945783615112305,4.497950077056885
564,54714,-35.883672413261806,-50.90955017973683,0.5668475,0.535565972328186,10.243528366088867,7.144370079040527
565,54798,-54.925168822911516,-51.66648228407553,0.5661825,0.8865251541137695,7.323043346405029,10.267888069152832
566,54861,-12.469925601088832,-51.002731938793666,0.56568375,0.530471682548523,18.609830856323242,3.8248465061187744
567,54932,-46.98828794357463,-50.725637601166824,0.5651216666666667,0.790244460105896,4.329301834106445,7.274615287780762
568,55014,-35.74506296670957,-50.56374090556731,0.5644724999999999,1.3169925212860107,-7.739282608032227,12.34506607055664
569,55139,-59.29394503378458,-50.46455286356374,0.5634829166666666,0.6933103203773499,20.832603454589844,6.4135212898254395
570,55219,-28.237833949949547,-50.373666504676365,0.5628495833333333,2.1551592350006104,-0.15838372707366943,11.320122718811035
571,55329,-2.4653141750026037,-49.832732435951606,0.56197875,0.5851541757583618,13.228818893432617,5.467638969421387
572,55449,-35.58415618083124,-49.61181008964056,0.56102875,0.7334582805633545,11.330702781677246,5.449835300445557
573,55519,-44.79397930818915,-49.920038494055916,0.5604745833333333,0.40222248435020447,16.581687927246094,4.0655903816223145
574,56519,-14.397946600749494,-49.66595421149813,0.5525579166666668,0.7412469387054443,18.855342864990234,4.6306657791137695
575,56644,-72.68135265691987,-49.524845785571415,0.5515683333333333,1.0148522853851318,6.641522407531738,4.098084449768066
576,56718,-44.59392449837542,-49.21003666156688,0.5509824999999999,1.0103812217712402,6.149457931518555,10.544126510620117
577,56787,-24.261859524162205,-49.013398639115145,0.55043625,1.0767784118652344,7.789294719696045,6.741368770599365
578,56877,-94.24385715173271,-49.4233807870056,0.5497237500000001,2.1624181270599365,2.9134538173675537,12.277141571044922
579,56958,-50.60902069405631,-49.62853677101095,0.5490825,1.0424392223358154,30.15861701965332,9.052419662475586
580,57026,-64.43505622543591,-49.9317200740748,0.5485441666666666,0.6666171550750732,10.435351371765137,5.485500335693359
581,57142,-70.81468079722362,-50.399571629822276,0.5476258333333334,1.0484323501586914,17.94740867614746,6.90247917175293
582,57209,-47.092108100253526,-50.435173791368754,0.5470954166666666,1.236255168914795,15.828856468200684,8.830490112304688
583,57297,-59.75800523268488,-49.83829173488143,0.54639875,0.8804163932800293,13.130608558654785,9.791831970214844
584,57371,-56.68418334500255,-49.81837245880842,0.5458129166666666,0.8003601431846619,10.585245132446289,5.387009620666504
585,57471,-63.65905019052857,-49.8357619838759,0.54502125,0.6301913261413574,0.6511220932006836,4.20896053314209
586,57551,-78.18472789191537,-50.003764279846926,0.5443879166666666,1.3054121732711792,9.805144309997559,9.088433265686035
587,57681,-2.9035373908997855,-50.30102931029053,0.54335875,1.2944445610046387,6.54755163192749,15.121006965637207
588,57791,-185.16857730939373,-51.8401732308589,0.5424879166666667,0.9894829988479614,12.002150535583496,6.15720272064209
589,57865,-14.694285413139099,-51.70310323589957,0.5419020833333333,2.105746269226074,12.207391738891602,14.019956588745117
590,57936,-40.453893456708556,-51.64497716925729,0.5413399999999999,0.7111784219741821,18.068824768066406,5.208967208862305
591,58032,-62.656296902186696,-51.880298824823875,0.5405800000000001,0.6513561606407166,15.08623218536377,3.7425806522369385
592,58122,-87.60387403760078,-52.269044850699395,0.5398675,0.4963269829750061,14.430862426757812,12.018427848815918
593,58248,-69.85502455925094,-52.19062100979905,0.53887,1.2190382480621338,10.86927318572998,8.751497268676758
594,58349,-22.644790534224228,-51.9386296847265,0.5380704166666667,0.9375073909759521,10.912975311279297,4.823668956756592
595,58419,-66.13383398448568,-51.94547832047883,0.53751625,1.1692191362380981,13.958276748657227,7.728111267089844
596,58495,-40.49007831913204,-52.39327441285867,0.5369145833333333,1.2732148170471191,9.296003341674805,5.631319999694824
597,58601,-56.82697507256698,-52.26273966836375,0.5360754166666667,1.163927674293518,19.070789337158203,8.12515640258789
598,58676,-76.60462980588134,-51.94367242110281,0.5354816666666666,0.7786204814910889,21.414424896240234,5.242612838745117
599,58804,-17.609116289633178,-51.83852043458456,0.5344683333333333,0.7048002481460571,18.059104919433594,5.275585651397705
600,58889,-24.554813577886136,-51.35260423986879,0.5337954166666667,2.2319366931915283,-4.863873481750488,13.183883666992188
601,58958,-55.04371975486998,-51.02911889004752,0.5332491666666667,1.9218473434448242,3.7237911224365234,10.675216674804688
602,59052,0.36990159662551036,-50.152018822478375,0.532505,0.7588813900947571,18.70892333984375,4.663023948669434
603,59369,-69.6557345605285,-50.41443787990877,0.5299954166666667,1.0693398714065552,23.469602584838867,3.69726824760437
604,59440,-63.75132742030763,-50.722436892690645,0.5294333333333334,1.0455825328826904,7.494901657104492,5.549212455749512
605,59547,-168.49500445434708,-51.976459804387076,0.52858625,1.3296796083450317,11.317024230957031,8.187698364257812
606,59613,-66.21471087265084,-52.101711328508244,0.52806375,1.420933485031128,14.621100425720215,11.867006301879883
607,59727,-4.578992521043929,-51.7593052866879,0.52716125,1.4891705513000488,7.47451114654541,12.473611831665039
608,59823,-33.953180618040506,-51.58247372990124,0.52640125,0.680590033531189,7.909836769104004,7.168269634246826
609,59918,-44.77996441951967,-51.47761658464518,0.5256491666666667,1.3188865184783936,21.352550506591797,8.21777629852295
610,60044,-8.714889269556707,-50.887604672975634,0.5246516666666667,1.2447831630706787,13.118263244628906,6.879708290100098
611,60184,-45.35530451572107,-51.110527714154635,0.5235433333333332,1.2391279935836792,1.9430303573608398,15.183572769165039
612,60284,-41.71206417805155,-51.21668445388818,0.5227516666666667,0.7677823305130005,19.131309509277344,5.918076992034912
613,60412,-50.83385396320456,-50.8838782836259,0.5217383333333334,1.205751895904541,5.396476745605469,11.061869621276855
614,60528,-84.49271156280392,-51.521137817098285,0.5208200000000001,1.6296343803405762,13.43392276763916,9.624486923217773
615,60606,-99.86971579313163,-52.360208648667914,0.5202025,1.0065042972564697,4.052848815917969,9.363664627075195
616,60777,-24.775798231323392,-52.42494564661882,0.5188487500000001,0.8657010793685913,13.525005340576172,4.156333923339844
617,60856,-63.71452233273558,-52.973288376717356,0.5182233333333334,1.1562670469284058,13.868511199951172,9.20971965789795
618,60954,-13.740455947965046,-52.4657365933909,0.5174475000000001,1.7544513940811157,4.297654151916504,10.724630355834961
619,61030,-35.01732104736624,-52.028600600091806,0.5168458333333332,0.8480586409568787,-3.8092432022094727,4.922616958618164
620,61133,-45.472382578076235,-51.99225697917859,0.5160304166666667,1.8401694297790527,0.07341480255126953,11.701804161071777
621,61244,-123.70535599827302,-52.683916595798834,0.5151516666666667,1.4659662246704102,18.60869789123535,9.816695213317871
622,61330,30.03064134041736,-51.78703662508226,0.5144708333333334,1.218314528465271,16.55774688720703,10.01853084564209
623,61872,-136.07248391560177,-52.430777139447194,0.5101800000000001,0.8086599707603455,8.245071411132812,10.615550994873047
624,61965,-29.797192134342694,-52.44326852558771,0.50944375,1.3843202590942383,13.472715377807617,9.677715301513672
625,62061,-34.12291469873881,-52.03495727471913,0.50868375,1.9831538200378418,14.54847240447998,11.730413436889648
626,62156,-59.226235665179885,-51.93602068076649,0.5079316666666667,1.7363340854644775,7.311944484710693,8.508678436279297
627,62276,-105.46480216797079,-52.24597855045755,0.5069816666666667,0.3059356212615967,12.56971549987793,7.263284683227539
628,62371,-100.90635075960746,-52.917235693889864,0.5062295833333333,1.006874918937683,9.553240776062012,10.136497497558594
629,62449,1.240788713108273,-52.814145641835005,0.5056120833333333,0.7926710844039917,5.951713562011719,10.436717987060547
630,62571,-61.144365907705634,-53.23406294301038,0.50464625,1.313483476638794,3.465391159057617,7.9006195068359375
631,62662,-64.95162742613556,-53.31347428559031,0.5039258333333334,1.3204630613327026,13.383987426757812,8.884834289550781
632,62751,-38.697845850264564,-53.282870353355655,0.5032212500000001,1.7124900817871094,-4.0413103103637695,12.154351234436035
633,62814,-37.363077220136034,-53.135483209817636,0.5027225000000001,1.7338640689849854,-1.5672507286071777,12.719830513000488
634,62937,-42.72141628036684,-53.306673437363486,0.50174875,1.766685128211975,-1.1971595287322998,7.747467041015625
635,63061,6.121341999893531,-52.87014421180651,0.5007670833333333,1.009331464767456,17.594499588012695,7.348112106323242
636,63147,-13.101816459174572,-51.94585374245857,0.50008625,0.9807978868484497,11.528199195861816,8.807804107666016
637,63228,-17.983307055667098,-51.35009487202997,0.49944500000000003,0.8754867315292358,5.181483268737793,6.023940086364746
638,63323,-10.516831946054765,-50.24529637520539,0.4986929166666667,0.9807076454162598,16.603933334350586,7.356122016906738
639,63407,-0.5316744541584058,-49.46781010973216,0.4980279166666667,0.9955401420593262,17.35059356689453,7.038771629333496
640,63519,-49.28914884203485,-49.30804359191356,0.49714125,1.4627995491027832,9.491287231445312,20.25597381591797
641,63611,45.56152189170709,-48.02780505270005,0.49641291666666676,1.415482997894287,8.765037536621094,9.224156379699707
642,63730,9.41060101535058,-47.41022443138708,0.4954708333333333,0.809531569480896,12.834253311157227,10.993996620178223
643,63855,-87.33457041619289,-48.0184521085244,0.4944812500000001,1.2898330688476562,16.860275268554688,9.222299575805664
644,63932,-69.00726768777406,-48.02608724475003,0.4938716666666666,0.7020958662033081,20.871593475341797,9.300302505493164
645,64053,35.89957652004384,-47.55703292983139,0.49291375000000004,1.081784725189209,16.727535247802734,7.68726921081543
646,64152,-58.07326753135123,-47.58693162298118,0.49213000000000007,0.8481718301773071,14.000028610229492,4.685208320617676
647,64263,-27.001441782435933,-47.71011113172651,0.49125125000000003,0.36641454696655273,29.024795532226562,4.592352390289307
648,64388,-135.67919404269458,-48.665897393373335,0.4902616666666667,1.4376099109649658,18.085317611694336,7.042181015014648
649,64619,50.06737446481682,-47.510434410280524,0.48843291666666666,0.8183199167251587,22.22138214111328,6.974265098571777
650,64985,33.497067506516885,-46.67834908972606,0.48553541666666666,0.8641678094863892,15.720669746398926,5.268482208251953
651,65112,-5.761696141778515,-46.47572442074664,0.48453,1.2797561883926392,7.196420192718506,10.068934440612793
652,65225,-52.695892613214596,-46.389705149229385,0.48363541666666665,0.886994481086731,13.801689147949219,13.010313034057617
653,65336,-106.77955081528584,-46.999980821495384,0.4827566666666667,1.252584457397461,14.95723819732666,11.93722152709961
654,65417,-43.062707630811886,-46.92327798912386,0.4821154166666667,0.8935092687606812,7.777841091156006,6.237151145935059
655,65498,-2.948967794722492,-46.54571749803466,0.48147416666666676,0.48351937532424927,17.19658851623535,6.34371280670166
656,65602,-83.73134700001562,-47.342999856677444,0.48065083333333336,0.9446157813072205,21.854080200195312,11.787065505981445
657,65718,-73.81530828922942,-47.61137209883999,0.4797325,1.342205286026001,-0.4304008483886719,8.495319366455078
658,65801,-3.0010516894534334,-47.08511244804623,0.47907541666666675,0.6528695821762085,13.688756942749023,5.575345993041992
659,65907,11.981061272937367,-46.790804028457984,0.47823625000000003,1.6993029117584229,13.186527252197266,9.687052726745605
660,66016,-39.09616602180688,-45.9912422469447,0.4773733333333333,0.7784628868103027,26.17757797241211,4.508137226104736
661,66266,-106.03078886675428,-46.38430912952101,0.4753941666666667,1.0787029266357422,27.701675415039062,10.638110160827637
662,66369,-7.496674584667105,-45.570444299060995,0.47457875000000005,0.8423510789871216,27.58608627319336,4.774783134460449
663,66474,-9.12221164122208,-44.98229175007983,0.4737475,0.8790991306304932,12.637643814086914,7.0559773445129395
664,66574,-30.078864418571015,-44.92424367013292,0.47295583333333335,1.3193790912628174,9.088071823120117,6.942746162414551
665,66675,-70.58581754824837,-45.08085015738629,0.47215624999999994,1.1983654499053955,10.150778770446777,9.978227615356445
666,66789,-149.2872000463505,-46.44902290183891,0.47125375,0.4616842567920685,30.015960693359375,5.140913009643555
667,66882,-86.85495270737229,-46.84768954947688,0.47051750000000003,0.7714558243751526,8.227362632751465,6.015086650848389
668,67004,-185.30653411038952,-48.343304260913676,0.4695516666666667,0.2513572573661804,21.601512908935547,3.008558750152588
669,67123,-50.12058799801616,-48.251570690556,0.46860958333333336,0.8052726984024048,-4.2536468505859375,11.248802185058594
670,67269,14.979611747933276,-47.819396233577166,0.46745375,0.9894643425941467,5.455841541290283,10.463760375976562
671,67350,-41.10833729914542,-48.20582646481859,0.46681249999999996,2.0165135860443115,-0.03399372100830078,11.318033218383789
672,67483,6.167462925526536,-47.78831027375502,0.46575958333333345,1.3101046085357666,15.95152473449707,13.196666717529297
673,67568,-40.63926980310394,-47.74676317870417,0.46508666666666665,1.4528800249099731,15.223882675170898,12.165239334106445
674,67659,-50.511803311951596,-48.1079017458162,0.46436625,1.0208652019500732,14.41298770904541,7.6104936599731445
675,67781,-48.70308393364786,-47.86811905858347,0.46340041666666665,0.414281964302063,15.695403099060059,3.879218816757202
676,67882,-12.10583356370931,-47.543238149236814,0.46260083333333335,1.3950752019882202,5.392202377319336,13.419965744018555
677,67989,-10.7861369121687,-47.40848092311687,0.46175374999999996,0.6492774486541748,5.763382911682129,11.475223541259766
678,68115,-64.1757436948011,-47.10779978854755,0.46075625,0.9817194938659668,12.37578010559082,10.626041412353516
679,68243,-162.9115751065725,-48.23082533267272,0.45974291666666667,0.7899060249328613,27.59713363647461,7.488156318664551
680,68422,21.62821406772791,-47.370192629741084,0.4583258333333333,1.317136287689209,12.140262603759766,13.411293029785156
681,68570,13.383434247430017,-46.52821147929455,0.45715416666666664,0.4724143147468567,17.96039581298828,5.201967239379883
682,68677,-11.306386005605049,-46.17035425834808,0.45630708333333336,0.7205834984779358,20.49272918701172,7.035195350646973
683,68869,-74.40954911415261,-46.31686969716274,0.4547870833333333,0.7213467359542847,-4.830704212188721,7.925225257873535
684,68986,-18.381550042391964,-45.933843364136635,0.4538608333333334,0.929877519607544,18.460813522338867,8.788137435913086
685,69533,-76.3891250508127,-46.06114411273948,0.4495304166666667,1.2570186853408813,20.263538360595703,10.62019157409668
686,70533,-11.434060246118344,-45.39363743628151,0.44161375,0.9685378670692444,7.539048194885254,7.799463748931885
687,70623,-39.41525311868314,-45.758754593559324,0.44090125,0.6533173322677612,20.98854637145996,8.12362289428711
688,70906,-201.32111136990983,-45.92027993416449,0.4386608333333334,1.230499029159546,4.883094787597656,11.994325637817383
689,70984,-40.1942774791153,-46.175279854824254,0.43804333333333334,1.4041550159454346,11.796873092651367,8.941895484924316
690,71109,-197.7330884615422,-47.748071804872595,0.43705375,0.4561387300491333,21.701078414916992,5.931785583496094
691,71452,-72.80344601363424,-47.849543295987075,0.43433833333333327,1.096039056777954,12.840839385986328,10.277032852172852
692,72452,-26.99599452905286,-47.24346450090159,0.4264216666666667,1.149888515472412,13.639298439025879,9.5203275680542
693,72526,-34.629097853316836,-46.89120523384226,0.4258358333333333,1.0317847728729248,14.952237129211426,10.987890243530273
694,72628,-47.791665652780274,-47.14267398502781,0.42502833333333345,0.6810301542282104,17.082748413085938,10.652763366699219
695,73628,-9.828022053752528,-46.57961586572049,0.41711166666666666,1.64323890209198,14.614704132080078,11.866716384887695
696,73735,-43.83798714565765,-46.61309495398574,0.4162645833333334,1.6564074754714966,-6.520423412322998,9.715570449829102
697,73850,-87.08294189319494,-46.915654622192015,0.4153541666666667,1.1795897483825684,20.05121612548828,8.272361755371094
698,73940,-30.46507638405916,-46.454259087973796,0.4146416666666667,0.632545530796051,14.427783012390137,10.962364196777344
699,74026,-16.981072374139714,-46.44797864881886,0.41396083333333333,1.5363410711288452,17.784337997436523,10.503679275512695
700,74145,16.51542620209257,-46.03727625101907,0.4130187500000001,1.095306634902954,26.87271499633789,7.2778425216674805
701,74291,-4.124124812178593,-45.528080301592155,0.41186291666666663,0.8423870205879211,16.627769470214844,9.177896499633789
702,74415,-67.85337633488459,-46.21031308090726,0.41088125,1.6409664154052734,16.394306182861328,11.246845245361328
703,74577,-190.88854336498758,-47.42264116895185,0.40959875,1.085608959197998,17.977691650390625,10.2811279296875
704,74694,-11.23432202417851,-46.89747111499056,0.4086725000000001,0.9229909777641296,6.035870552062988,12.548988342285156
705,75694,-25.00585829062489,-45.46257965335333,0.4007558333333333,0.6433510780334473,15.32918930053711,10.249776840209961
706,75809,-68.23477271500892,-45.48278027177692,0.39984541666666673,0.8794980049133301,5.384301662445068,8.828933715820312
707,75948,-261.32413608070317,-48.05023170737352,0.398745,0.820458173751831,12.841126441955566,6.318757057189941
708,76034,-4.9605790425421645,-47.760305691618534,0.39806416666666666,1.0419094562530518,22.308162689208984,11.4087553024292
709,76148,-14.141188266232234,-47.453917930085666,0.39716166666666675,2.4669036865234375,16.059349060058594,14.2645902633667
710,77148,13.601042314067318,-47.230758614249424,0.38924499999999995,2.1132540702819824,6.278567314147949,13.172653198242188
711,78148,95.00183621298619,-45.82718720696235,0.3813283333333334,0.7521198987960815,21.287857055664062,10.50390625
712,78250,-85.33212245467996,-46.26338778972863,0.3805208333333333,0.7462926506996155,19.032554626464844,4.45835018157959
713,78358,-32.19214965501031,-46.076970746646694,0.37966583333333337,1.0380473136901855,-5.310430526733398,8.057464599609375
714,79358,-68.42975790764478,-45.9163412100951,0.3717491666666667,1.8545039892196655,1.779209852218628,12.295675277709961
715,79691,-138.07339348307255,-46.298377986994495,0.3691129166666667,0.11450892686843872,21.775012969970703,6.184446334838867
716,79799,-41.63660525193188,-46.466986057200586,0.36825791666666674,1.2175017595291138,17.8334903717041,6.2201619148254395
717,80008,0.9909285483180668,-45.81993154839004,0.3666033333333334,0.8696039319038391,14.957426071166992,8.05789566040039
718,81008,15.180604783999566,-45.530720941070406,0.3586866666666667,0.7866514921188354,15.727519035339355,14.215089797973633
719,81535,-170.932270591533,-46.88987043651206,0.3545145833333333,1.069251537322998,14.216197967529297,9.704987525939941
720,81670,-5.949236558555654,-46.49463897631687,0.35344583333333335,0.9619637727737427,23.99360466003418,7.969367027282715
721,82670,85.65491686653898,-44.401036247668756,0.3455291666666668,1.3973510265350342,14.70840835571289,13.079582214355469
722,83670,4.457892642870865,-44.65676373464421,0.3376125,1.232457160949707,9.158326148986816,8.207130432128906
723,84670,-5.955808384599271,-43.35559697933419,0.3296958333333334,0.7627978324890137,8.431913375854492,6.5370965003967285
724,85670,90.50584532178672,-42.15256660477289,0.3217791666666667,1.052410364151001,14.394216537475586,5.692198753356934
725,85785,14.464444059686159,-41.66669301718864,0.32086875000000004,1.1607861518859863,9.777338981628418,7.624316215515137
726,85914,4.429779017998385,-41.03013287035687,0.31984750000000006,0.8851358294487,30.092403411865234,5.861786365509033
727,86914,17.541679505832114,-39.80006805361884,0.3119308333333334,0.7114368677139282,17.937122344970703,9.83862018585205
728,87914,66.95091884517079,-38.12149535757105,0.3040141666666667,0.4981956481933594,17.460208892822266,6.736697196960449
729,88914,83.18309854042056,-37.30207225929792,0.2960975,0.6254900693893433,20.39872169494629,8.089645385742188
730,89914,101.24507029094264,-35.67817789731144,0.28818083333333344,1.0582302808761597,20.765655517578125,9.1030912399292
731,90179,33.08945073850197,-34.69776711566508,0.28608291666666674,0.8145321607589722,33.264957427978516,8.027397155761719
732,91179,91.24730265653226,-33.39831563059711,0.27816625000000006,0.9510208368301392,21.11636734008789,6.030147075653076
733,92179,81.67797430839418,-32.207905115311796,0.27024958333333327,0.7832931876182556,13.759380340576172,11.456567764282227
734,93179,100.85220185980629,-30.772168933910066,0.2623329166666667,0.9686315059661865,22.339704513549805,5.162823677062988
735,94179,90.36170299254407,-29.929765323983567,0.25441625,0.5713146924972534,31.87307357788086,5.826456546783447
736,95179,133.33052645590897,-28.465441894832725,0.24649958333333344,1.5762301683425903,21.116626739501953,9.9291410446167
737,96179,106.07256896759567,-27.2248831346001,0.23858291666666664,0.3175252079963684,33.11993408203125,3.875624179840088
738,96291,-2.860008494705056,-27.148314900086607,0.23769624999999994,0.28288787603378296,22.42012596130371,6.540011882781982
739,97291,98.11593279198651,-26.16183882762516,0.22977958333333337,0.6568911075592041,15.329106330871582,10.622431755065918
740,98291,109.65888192283185,-24.572358519976493,0.2218629166666667,1.5962958335876465,23.638643264770508,10.999588966369629
741,99291,113.20804536733225,-23.89589328522024,0.21394625000000012,1.0316202640533447,22.646724700927734,11.877901077270508
742,100291,54.57981104230757,-23.44420118495067,0.20602958333333332,0.3283778429031372,31.177833557128906,7.6819353103637695
743,100396,17.680163999054358,-22.394053840798197,0.20519833333333337,1.19045090675354,35.251075744628906,7.550354957580566
744,101396,-56.04327659342779,-22.264413929854733,0.1972816666666667,0.36434438824653625,30.84754180908203,4.859557628631592
745,102396,0.4058775120853433,-22.61935091993432,0.18936500000000012,1.020054578781128,18.891551971435547,7.239141941070557
746,103396,81.34151996439175,-21.225203044976887,0.18144833333333332,1.3921664953231812,19.76821517944336,7.873495578765869
747,104396,69.33596940071537,-20.26182893314537,0.17353166666666675,1.034977912902832,32.52653884887695,6.046728134155273
748,105396,116.60436978873727,-17.73899329483105,0.16561500000000007,0.8185114860534668,33.74648666381836,5.610398769378662
749,106396,133.28687098477715,-16.90679832963145,0.15769833333333327,0.6318891644477844,27.576141357421875,6.474417686462402
750,107396,-53.698159477974116,-17.77875059947636,0.1497816666666667,0.9047713875770569,23.59626007080078,3.3907642364501953
751,107956,-281.49547122550933,-20.536088350313666,0.1453483333333334,0.7464588284492493,34.47133255004883,6.113696098327637
752,108600,-275.6935739859159,-22.766065164040683,0.14024999999999999,0.9095755219459534,32.52947998046875,8.095385551452637
753,109600,85.63513078893898,-20.841918347998433,0.1323333333333334,0.686111330986023,24.668367385864258,8.091198921203613
754,110600,153.17699926830338,-18.87952127900728,0.12441666666666673,0.5409273505210876,13.569950103759766,7.958695888519287
755,111600,92.59989239524012,-17.924032677107654,0.11650000000000005,0.7083898782730103,18.072364807128906,5.9010114669799805
756,112600,12.684689429923244,-16.959872312808265,0.10858333333333337,0.38323259353637695,26.393512725830078,5.354176044464111
757,113600,11.538469877886381,-16.106334531137108,0.10066666666666668,0.5839680433273315,34.895442962646484,5.225520133972168
758,114600,53.46784433892739,-15.5416455708533,0.09275000000000011,0.8357948064804077,35.18794250488281,10.634180068969727
759,114742,-58.47089485417741,-16.246165132124446,0.0916258333333333,0.9848200082778931,35.131439208984375,7.061558723449707
760,114872,-85.772073128333,-16.712924203189708,0.09059666666666666,0.5652099847793579,28.57322120666504,5.005797386169434
761,115872,61.749891682254805,-15.035117397699619,0.08267999999999998,1.0139904022216797,35.44322204589844,8.186728477478027
762,116872,89.21796823406133,-14.067970969512334,0.0747633333333334,0.4351009726524353,21.940093994140625,6.54038143157959
763,117872,30.412679879894227,-13.672622054301169,0.06684666666666672,0.6252214908599854,22.95639991760254,5.664583206176758
764,118872,85.7085664880486,-12.514747745234974,0.05893000000000004,0.5764057040214539,35.787628173828125,5.51444149017334
765,119872,3.3838294246829594,-11.775051275505659,0.051013333333333355,0.13152380287647247,34.93695831298828,2.7754628658294678
766,120302,-19.87843363062747,-10.480963611348432,0.050000000000000044,0.489717960357666,28.94658660888672,4.867392063140869
767,121302,-16.247851025751693,-9.774892594532224,0.050000000000000044,1.1276428699493408,20.37042236328125,6.996631622314453
768,121992,214.54787792127976,-5.776348474215531,0.050000000000000044,0.5093534588813782,25.98598289489746,8.262889862060547
769,122722,-161.9777961706153,-6.894920555941522,0.050000000000000044,0.6646574139595032,37.868743896484375,3.310483932495117
770,123722,124.71837625082591,-5.797532910912596,0.050000000000000044,1.0051140785217285,34.60003662109375,11.761280059814453
771,124722,36.18109468510986,-5.024638591070045,0.050000000000000044,0.5750558376312256,27.8228816986084,9.821702003479004
772,125233,176.90259281658643,-3.3172872921594454,0.050000000000000044,0.8432940244674683,25.40743637084961,6.944005012512207
773,125727,-118.75187483703766,-4.098413342498784,0.050000000000000044,0.3195057213306427,31.686256408691406,7.382417678833008
774,126727,46.529697635049665,-3.1279983330287693,0.050000000000000044,0.5188422203063965,27.525222778320312,5.962093353271484
775,127727,66.43735384187451,-1.9765939552735474,0.050000000000000044,0.47150832414627075,20.393970489501953,4.685643196105957
776,128727,-55.15244082605918,-2.4070600278970447,0.050000000000000044,0.2959548532962799,21.54734230041504,6.033441543579102
777,129727,20.968977363763617,-2.0895088851377217,0.050000000000000044,0.5500718355178833,24.68959617614746,5.747044563293457
778,130727,-6.664711888915134,-1.5143985670788616,0.050000000000000044,0.2329767942428589,16.24582290649414,5.148015975952148
779,131727,65.90428884293162,0.7737600724161804,0.050000000000000044,0.3328743875026703,24.41808319091797,7.095673561096191
780,132312,210.2435406466214,2.6599133382051146,0.050000000000000044,0.5349602699279785,29.06633758544922,9.366782188415527
781,132799,196.67597714153442,4.49283876714616,0.050000000000000044,0.29876336455345154,29.98272132873535,4.7077484130859375
782,133799,79.55163011449999,5.401418928347209,0.050000000000000044,0.24093450605869293,33.702919006347656,3.5234947204589844
783,134799,111.63266296082593,7.261841049096994,0.050000000000000044,0.7946126461029053,30.59173583984375,7.2278032302856445
784,135799,98.31959149429423,8.428852464463855,0.050000000000000044,0.26470404863357544,31.462749481201172,5.992928504943848
785,136799,160.62874432329852,10.799031158204967,0.050000000000000044,0.2970595955848694,28.035320281982422,4.039021015167236
786,137799,128.75391545609907,12.20091091522714,0.050000000000000044,0.4977162778377533,19.582439422607422,5.973817825317383
787,138281,213.69464789254198,14.732009925339394,0.050000000000000044,0.3089483380317688,25.28915023803711,6.705617904663086
788,139281,128.21377265745565,18.02735876561305,0.050000000000000044,0.3162745535373688,25.342859268188477,5.816805362701416
789,140281,65.08635854238044,19.080165125828003,0.050000000000000044,0.6204326748847961,16.23908805847168,9.047866821289062
790,141281,177.47076457969303,22.83220365624036,0.050000000000000044,0.3703519403934479,32.806800842285156,5.191511154174805
791,142276,217.03564186876946,25.73059453506439,0.050000000000000044,0.8097906112670898,31.624008178710938,5.358040809631348
792,143276,140.24898919631093,27.403044372318032,0.050000000000000044,0.544141411781311,22.59738540649414,11.776723861694336
793,144276,134.1803587019947,29.091138937871147,0.050000000000000044,0.36238276958465576,27.538288116455078,8.518482208251953
794,145276,129.34720927352336,30.862527687134182,0.050000000000000044,0.27886414527893066,27.99312973022461,5.309543132781982
795,146276,130.83768869387447,32.26918479461045,0.050000000000000044,0.4305488169193268,23.519073486328125,8.273966789245605
796,147276,120.33682357779941,33.91093290184502,0.050000000000000044,0.34380418062210083,24.80321502685547,8.515958786010742
797,147931,209.92552219518092,36.881017542728785,0.050000000000000044,0.39922139048576355,20.88399887084961,6.745683193206787
798,148931,160.40605508299828,38.78972885739935,0.050000000000000044,0.40231525897979736,22.799060821533203,5.385404586791992
799,149586,144.89661847399478,40.4085057658807,0.050000000000000044,0.41822487115859985,35.42604064941406,5.400850296020508
800,150586,146.21514117818174,41.70550291564159,0.050000000000000044,0.7407984733581543,35.252593994140625,4.879467010498047
801,151139,263.30353525346374,44.379779516298015,0.050000000000000044,0.5515118837356567,25.11466407775879,10.538331031799316
802,152139,147.56376096979653,46.53395088934483,0.050000000000000044,0.2016197293996811,29.267532348632812,2.9388794898986816
803,153139,126.90257498721543,49.71186207286685,0.050000000000000044,0.46114659309387207,30.836427688598633,7.111505508422852
804,154139,174.9679277885598,51.57388457099424,0.050000000000000044,0.43323010206222534,36.53716278076172,9.072181701660156
805,155139,138.83638818459562,53.21230703574644,0.050000000000000044,0.3131227493286133,33.83076095581055,5.6116743087768555
806,156139,168.15838044849144,55.57623856738145,0.050000000000000044,0.23066721856594086,41.23820877075195,3.7249953746795654
807,157139,130.00231987682167,59.48950312695669,0.050000000000000044,0.3026823103427887,28.195449829101562,8.125883102416992
808,158139,170.3217303877557,61.242326221259674,0.050000000000000044,0.23939423263072968,30.649742126464844,5.175765037536621
809,159139,157.51818718897556,62.95891997581175,0.050000000000000044,0.4405335485935211,31.61312484741211,7.584097862243652
810,160139,146.3024696867808,64.28593424953888,0.050000000000000044,0.49543553590774536,31.460344314575195,6.104857444763184
811,161139,131.15284712841142,64.64744435869314,0.050000000000000044,0.6104208827018738,31.760387420654297,6.44243049621582
812,162139,122.84250040029194,66.72919058724287,0.050000000000000044,0.9014256596565247,29.034759521484375,5.6803436279296875
813,163119,276.4927737532561,69.81603982132553,0.050000000000000044,0.32202208042144775,21.60650634765625,4.253159046173096
814,164119,127.74889775531578,71.77782637795514,0.050000000000000044,0.23810815811157227,31.213241577148438,7.984213352203369
815,165119,171.76164633089704,74.87617677609484,0.050000000000000044,0.32344871759414673,33.646018981933594,6.6121320724487305
816,165676,283.3410913442757,78.1259537420569,0.050000000000000044,0.40380507707595825,25.459896087646484,8.845209121704102
817,166420,262.71440764967525,80.74318853307048,0.050000000000000044,0.09513930231332779,38.775672912597656,5.912501811981201
818,167035,169.8234712277295,82.28961719750778,0.050000000000000044,0.2706376016139984,31.58702278137207,5.076466083526611
